post_id,platform,username,clean_text,language,timestamp,likes,retweets,replies,hashtags,bio,geo
kg_0119,x,kaggle_analyst_39,New open weights model just dropped and it beats closed frontier models on standard coding benchmarks! #AIRevolution #OpenSource,hinglish,2026-10-01T09:02:11.692469+00:00,28,7,2,#AIRevolution,"Data science enthusiast, Kaggle contributor #39 tracking social intelligence.",US-CA
kg_0025,x,kaggle_analyst_18,Critical security patch reverted without notification. Enterprise customers deserve immediate transparency. #BrandCrisis #Security,en,2026-10-01T09:04:08.660308+00:00,38,9,8,#BrandCrisis,"Data science enthusiast, Kaggle contributor #18 tracking social intelligence.",IN-DL
kg_0034,x,satoshi_believer,Critical security patch reverted without notification. Enterprise customers deserve immediate transparency. #BrandCrisis #Security,en,2026-10-01T09:22:05.691402+00:00,87,31,7,#BrandCrisis,Bitcoin max & decentralized finance advocate. Zurich.,CH-ZH
kg_0005,x,kaggle_analyst_8,Masterclass in public relations: Blaming developers for your undocumented server-side breaking change. Bravo CloudCorp! #BrandCrisis #Sarcasm,en,2026-10-01T09:25:40.138471+00:00,18,4,4,#BrandCrisis,"Data science enthusiast, Kaggle contributor #8 tracking social intelligence.",IN-MH
kg_0045,youtube,ev_battery_geek,Bhai crypto tax guidelines kab clarify honge? Anxiety ho rahi hai reporting karte waqt. #CryptoRally #CryptoTax,hinglish,2026-10-01T09:29:20.086643+00:00,69,18,7,#CryptoRally,Solid state batteries & electric vehicle powertrain engineering.,DE-BE
kg_0110,reddit,kaggle_analyst_2,Layoffs hitting junior developers as AI coding tools spread. We need urgent reskilling pathways. #AIRevolution #Jobs,hinglish,2026-10-01T09:29:52.196235+00:00,47,18,4,#AIRevolution,"Data science enthusiast, Kaggle contributor #2 tracking social intelligence.",DE-BE
kg_0033,x,kaggle_analyst_8,Remember to manage leverage carefully. Excessive greed during rallies always triggers painful liquidation wicks. #CryptoRally #RiskManagement,en,2026-10-01T09:36:04.979569+00:00,104,30,21,#CryptoRally,"Data science enthusiast, Kaggle contributor #8 tracking social intelligence.",IN-MH
kg_0038,youtube,kaggle_analyst_26,Decentralized lending protocols processed record volume without a single liquidation bad debt event. Impressive resilience! #CryptoRally #DeFi,hinglish,2026-10-01T09:39:52.608547+00:00,89,33,8,#CryptoRally,"Data science enthusiast, Kaggle contributor #26 tracking social intelligence.",IN-DL
kg_0026,youtube,kaggle_analyst_13,Open models ensure that researchers in developing countries can innovate without prohibitive cloud compute costs. #AIRevolution #DemocratizeAI,en,2026-10-01T09:53:29.429292+00:00,77,16,13,#AIRevolution,"Data science enthusiast, Kaggle contributor #13 tracking social intelligence.",IN-MH
kg_0079,x,solar_ananya,Congratulations to venture funds on dumping their unlocked allocations right into retail liquidity. Classic. #CryptoRally #Sarcasm,hinglish,2026-10-01T10:11:07.027680+00:00,32,8,3,#CryptoRally,CleanTech consultant Delhi. Solar rooftop & decarbonization.,IN-DL
kg_0108,x,kaggle_analyst_9,Critical security patch reverted without notification. Enterprise customers deserve immediate transparency. #BrandCrisis #Security,en,2026-10-01T10:14:57.121858+00:00,120,45,18,#BrandCrisis,"Data science enthusiast, Kaggle contributor #9 tracking social intelligence.",IN-MH
kg_0007,x,kaggle_analyst_1,Smart microgrids powered by AI load prediction are keeping hospital systems running during extreme summer heatwaves. #SustainableTech #SmartGrid,hinglish,2026-10-01T10:36:54.743524+00:00,82,32,16,#SustainableTech,"Data science enthusiast, Kaggle contributor #1 tracking social intelligence.",IN-MH
kg_0076,x,kaggle_analyst_17,"Kya bakwas cloud provider hai, customer support bot bus automated loop me ghuma raha hai! Total disaster. #BrandCrisis #Downtime",hinglish,2026-10-01T10:43:40.004232+00:00,94,23,12,#BrandCrisis,"Data science enthusiast, Kaggle contributor #17 tracking social intelligence.",IN-MH
kg_0037,x,kaggle_analyst_36,Oh brilliant! Another mandatory subscription tier so we can pay $30 a month to format tables. Pure innovation. #AIRevolution #Sarcasm,en,2026-10-01T10:46:22.852411+00:00,86,25,10,#AIRevolution,"Data science enthusiast, Kaggle contributor #36 tracking social intelligence.",DE-BE
kg_0035,reddit,kaggle_analyst_1,Bhai har company apna GPT wrapper bana kar billion dollar funding maang rahi hai. Bubble alert! #AIRevolution #VCHype,hinglish,2026-10-01T10:52:44.171178+00:00,119,26,20,#AIRevolution,"Data science enthusiast, Kaggle contributor #1 tracking social intelligence.",IN-MH
kg_0061,telegram,kaggle_analyst_10,Critical security patch reverted without notification. Enterprise customers deserve immediate transparency. #BrandCrisis #Security,en,2026-10-01T11:08:00.011543+00:00,100,27,15,#BrandCrisis,"Data science enthusiast, Kaggle contributor #10 tracking social intelligence.",IN-MH
kg_0094,x,kaggle_analyst_35,Deploying quantized models locally on MacBook with zero cloud latency. The developer experience is sublime. #AIRevolution #LocalAI,en,2026-10-01T11:19:18.714206+00:00,95,27,19,#AIRevolution,"Data science enthusiast, Kaggle contributor #35 tracking social intelligence.",IN-DL
kg_0055,x,desimeme_analyst,So heartbroken to see the entire core team fired via automated email after 6 years of dedication. Corporate cruelty at its peak. #BrandCrisis #TechLayoffs,hinglish,2026-10-01T11:36:17.972880+00:00,118,16,22,#BrandCrisis,Tech commentator. Sarcasm is the highest form of intelligence.,IN-MH
kg_0105,x,kaggle_analyst_15,Layoffs hitting junior developers as AI coding tools spread. We need urgent reskilling pathways. #AIRevolution #Jobs,en,2026-10-01T12:03:33.309480+00:00,48,8,4,#AIRevolution,"Data science enthusiast, Kaggle contributor #15 tracking social intelligence.",UK-ENG
kg_0068,x,kaggle_analyst_32,Bhai crypto tax guidelines kab clarify honge? Anxiety ho rahi hai reporting karte waqt. #CryptoRally #CryptoTax,hinglish,2026-10-01T12:05:47.246404+00:00,22,5,4,#CryptoRally,"Data science enthusiast, Kaggle contributor #32 tracking social intelligence.",IN-MH
kg_0016,x,priya_ai_ml,Smart microgrids powered by AI load prediction are keeping hospital systems running during extreme summer heatwaves. #SustainableTech #SmartGrid,hinglish,2026-10-01T12:35:56.475724+00:00,94,34,22,#SustainableTech,ML engineer Bengaluru. NLP and code-mixed conversational systems.,IN-KA
kg_0086,x,kaggle_analyst_12,Bitcoin hash rate reached a new all-time high! On-chain liquidity depth is stronger than ever. #CryptoRally #Bitcoin,en,2026-10-01T13:04:06.994303+00:00,31,10,2,#CryptoRally,"Data science enthusiast, Kaggle contributor #12 tracking social intelligence.",UK-ENG
kg_0012,reddit,kaggle_analyst_22,"Corporate carbon offset programs are largely greenwashing theater. We need actual emissions reduction, not accounting tricks. #SustainableTech #ClimateAction",en,2026-10-01T13:26:22.912801+00:00,98,24,19,#SustainableTech,"Data science enthusiast, Kaggle contributor #22 tracking social intelligence.",DE-BE
kg_0043,x,kaggle_analyst_32,Deploying quantized models locally on MacBook with zero cloud latency. The developer experience is sublime. #AIRevolution #LocalAI,en,2026-10-01T13:32:54.366593+00:00,14,5,2,#AIRevolution,"Data science enthusiast, Kaggle contributor #32 tracking social intelligence.",IN-MH
kg_0058,x,kaggle_analyst_14,Are we moving too fast with autonomous agent deployment? The alignment verification benchmarks are severely lagging. #AIRevolution #Safety,en,2026-10-01T13:47:25.308231+00:00,109,22,10,#AIRevolution,"Data science enthusiast, Kaggle contributor #14 tracking social intelligence.",IN-KA
kg_0036,telegram,priya_ai_ml,Bhai crypto tax guidelines kab clarify honge? Anxiety ho rahi hai reporting karte waqt. #CryptoRally #CryptoTax,hinglish,2026-10-01T14:27:29.478731+00:00,45,15,6,#CryptoRally,ML engineer Bengaluru. NLP and code-mixed conversational systems.,IN-KA
kg_0103,telegram,kaggle_analyst_29,Remember to manage leverage carefully. Excessive greed during rallies always triggers painful liquidation wicks. #CryptoRally #RiskManagement,en,2026-10-01T14:48:14.904552+00:00,71,20,14,#CryptoRally,"Data science enthusiast, Kaggle contributor #29 tracking social intelligence.",IN-DL
kg_0027,x,solar_ananya,Masterclass in public relations: Blaming developers for your undocumented server-side breaking change. Bravo CloudCorp! #BrandCrisis #Sarcasm,hinglish,2026-10-01T14:49:57.421769+00:00,104,32,12,#BrandCrisis,CleanTech consultant Delhi. Solar rooftop & decarbonization.,IN-DL
kg_0095,x,quantum_leap_x,"Kya bakwas cloud provider hai, customer support bot bus automated loop me ghuma raha hai! Total disaster. #BrandCrisis #Downtime",hinglish,2026-10-01T15:23:53.079792+00:00,35,8,4,#BrandCrisis,Physics PhD & Quantum computing algorithms researcher.,US-CA
kg_0112,x,rohit_sharma_dev,Grid-scale solar installations just crossed 100GW milestone in Western India. Decentralized power is happening! #SustainableTech #SolarEnergy,hinglish,2026-10-01T15:36:12.519447+00:00,3298,629,310,#SustainableTech,"Senior Cloud Developer from Pune. Docker, Kubernetes, Chai.",IN-MH
kg_0093,x,kaggle_analyst_1,Critical security patch reverted without notification. Enterprise customers deserve immediate transparency. #BrandCrisis #Security,hinglish,2026-10-01T15:44:07.303436+00:00,115,34,10,#BrandCrisis,"Data science enthusiast, Kaggle contributor #1 tracking social intelligence.",IN-MH
kg_0009,x,kaggle_analyst_1,Bhai har company apna GPT wrapper bana kar billion dollar funding maang rahi hai. Bubble alert! #AIRevolution #VCHype,hinglish,2026-10-01T15:50:17.592128+00:00,120,47,19,#AIRevolution,"Data science enthusiast, Kaggle contributor #1 tracking social intelligence.",IN-MH
kg_0060,telegram,kaggle_analyst_24,Remember to manage leverage carefully. Excessive greed during rallies always triggers painful liquidation wicks. #CryptoRally #RiskManagement,en,2026-10-01T15:52:21.502541+00:00,120,13,16,#CryptoRally,"Data science enthusiast, Kaggle contributor #24 tracking social intelligence.",DE-BE
kg_0107,x,kaggle_analyst_5,"Kya bakwas cloud provider hai, customer support bot bus automated loop me ghuma raha hai! Total disaster. #BrandCrisis #Downtime",hinglish,2026-10-01T16:05:59.396702+00:00,24,6,4,#BrandCrisis,"Data science enthusiast, Kaggle contributor #5 tracking social intelligence.",UK-ENG
kg_0113,x,cynical_coder,"Breakthrough solid-state battery chemistry shows 95% retention after 1,000 thermal shock cycles. Game changer for EVs! #SustainableTech #CleanTech",en,2026-10-01T16:13:47.163835+00:00,5,1,0,#SustainableTech,Software skeptic. Tired of VC buzzwords and SaaS price hikes.,US-WA
kg_0022,youtube,kaggle_analyst_30,Bhai crypto tax guidelines kab clarify honge? Anxiety ho rahi hai reporting karte waqt. #CryptoRally #CryptoTax,hinglish,2026-10-01T16:21:59.620075+00:00,72,14,9,#CryptoRally,"Data science enthusiast, Kaggle contributor #30 tracking social intelligence.",IN-KA
kg_0015,x,priya_ai_ml,Deploying quantized models locally on MacBook with zero cloud latency. The developer experience is sublime. #AIRevolution #LocalAI,hinglish,2026-10-01T16:35:06.271246+00:00,59,22,12,#AIRevolution,ML engineer Bengaluru. NLP and code-mixed conversational systems.,IN-KA
kg_0046,x,kaggle_analyst_34,"Kya bakwas cloud provider hai, customer support bot bus automated loop me ghuma raha hai! Total disaster. #BrandCrisis #Downtime",hinglish,2026-10-01T16:42:49.115462+00:00,93,33,11,#BrandCrisis,"Data science enthusiast, Kaggle contributor #34 tracking social intelligence.",US-CA
kg_0041,reddit,rohit_sharma_dev,Masterclass in public relations: Blaming developers for your undocumented server-side breaking change. Bravo CloudCorp! #BrandCrisis #Sarcasm,hinglish,2026-10-01T16:44:16.496509+00:00,246,31,51,#BrandCrisis,"Senior Cloud Developer from Pune. Docker, Kubernetes, Chai.",IN-MH
kg_0010,reddit,ai_insider,Unannounced breaking API changes pushed directly to production. Our payment integration has been failing for 4 hours! #BrandCrisis #Outage,en,2026-10-01T17:00:22.346298+00:00,952,252,195,#BrandCrisis,Covering cutting edge generative models and research papers. SF & London.,US-CA
kg_0091,x,kaggle_analyst_21,Open models ensure that researchers in developing countries can innovate without prohibitive cloud compute costs. #AIRevolution #DemocratizeAI,hinglish,2026-10-01T17:07:35.873822+00:00,104,18,16,#AIRevolution,"Data science enthusiast, Kaggle contributor #21 tracking social intelligence.",IN-KA
kg_0053,x,kaggle_analyst_13,"Breakthrough solid-state battery chemistry shows 95% retention after 1,000 thermal shock cycles. Game changer for EVs! #SustainableTech #CleanTech",en,2026-10-01T17:07:54.518869+00:00,30,4,5,#SustainableTech,"Data science enthusiast, Kaggle contributor #13 tracking social intelligence.",IN-MH
kg_0085,telegram,kaggle_analyst_28,Decentralized lending protocols processed record volume without a single liquidation bad debt event. Impressive resilience! #CryptoRally #DeFi,en,2026-10-01T17:14:33.067042+00:00,101,27,10,#CryptoRally,"Data science enthusiast, Kaggle contributor #28 tracking social intelligence.",IN-DL
kg_0063,reddit,kaggle_analyst_30,Circular battery recycling facilities must scale 5x faster to prevent rare metal shortages by 2030. #SustainableTech #CircularEconomy,en,2026-10-01T17:14:46.834540+00:00,69,20,9,#SustainableTech,"Data science enthusiast, Kaggle contributor #30 tracking social intelligence.",IN-KA
kg_0100,x,kaggle_analyst_21,Market green dekh ke dil khush ho gaya dosto! Bull run officially confirmed lag raha hai. #CryptoRally #CryptoIndia,hinglish,2026-10-01T17:49:12.709872+00:00,77,21,11,#CryptoRally,"Data science enthusiast, Kaggle contributor #21 tracking social intelligence.",IN-KA
kg_0044,telegram,kaggle_analyst_39,Deploying quantized models locally on MacBook with zero cloud latency. The developer experience is sublime. #AIRevolution #LocalAI,hinglish,2026-10-01T19:01:45.858135+00:00,110,13,10,#AIRevolution,"Data science enthusiast, Kaggle contributor #39 tracking social intelligence.",US-CA
kg_0099,x,kaggle_analyst_18,Open models ensure that researchers in developing countries can innovate without prohibitive cloud compute costs. #AIRevolution #DemocratizeAI,en,2026-10-01T19:22:52.550777+00:00,89,26,14,#AIRevolution,"Data science enthusiast, Kaggle contributor #18 tracking social intelligence.",IN-DL
kg_0069,x,kaggle_analyst_11,Masterclass in public relations: Blaming developers for your undocumented server-side breaking change. Bravo CloudCorp! #BrandCrisis #Sarcasm,en,2026-10-01T19:24:48.622281+00:00,41,5,8,#BrandCrisis,"Data science enthusiast, Kaggle contributor #11 tracking social intelligence.",IN-MH
kg_0078,reddit,kaggle_analyst_5,Remember to manage leverage carefully. Excessive greed during rallies always triggers painful liquidation wicks. #CryptoRally #RiskManagement,en,2026-10-01T19:31:14.720353+00:00,75,12,10,#CryptoRally,"Data science enthusiast, Kaggle contributor #5 tracking social intelligence.",UK-ENG
kg_0070,x,kaggle_analyst_28,"Corporate carbon offset programs are largely greenwashing theater. We need actual emissions reduction, not accounting tricks. #SustainableTech #ClimateAction",en,2026-10-01T19:59:12.707141+00:00,10,3,0,#SustainableTech,"Data science enthusiast, Kaggle contributor #28 tracking social intelligence.",IN-DL
kg_0081,reddit,kaggle_analyst_9,Masterclass in public relations: Blaming developers for your undocumented server-side breaking change. Bravo CloudCorp! #BrandCrisis #Sarcasm,en,2026-10-01T20:04:10.208090+00:00,77,8,7,#BrandCrisis,"Data science enthusiast, Kaggle contributor #9 tracking social intelligence.",IN-MH
kg_0115,x,kaggle_analyst_5,Bhai har company apna GPT wrapper bana kar billion dollar funding maang rahi hai. Bubble alert! #AIRevolution #VCHype,hinglish,2026-10-01T20:25:50.432903+00:00,9,1,1,#AIRevolution,"Data science enthusiast, Kaggle contributor #5 tracking social intelligence.",UK-ENG
kg_0096,reddit,kaggle_analyst_1,Bitcoin hash rate reached a new all-time high! On-chain liquidity depth is stronger than ever. #CryptoRally #Bitcoin,hinglish,2026-10-01T20:57:35.001266+00:00,107,19,24,#CryptoRally,"Data science enthusiast, Kaggle contributor #1 tracking social intelligence.",IN-MH
kg_0088,x,kaggle_analyst_3,Oh brilliant! Another mandatory subscription tier so we can pay $30 a month to format tables. Pure innovation. #AIRevolution #Sarcasm,hinglish,2026-10-01T21:08:13.680388+00:00,86,19,21,#AIRevolution,"Data science enthusiast, Kaggle contributor #3 tracking social intelligence.",UK-ENG
kg_0090,x,kaggle_analyst_24,"Breakthrough solid-state battery chemistry shows 95% retention after 1,000 thermal shock cycles. Game changer for EVs! #SustainableTech #CleanTech",en,2026-10-01T21:31:37.733660+00:00,11,4,1,#SustainableTech,"Data science enthusiast, Kaggle contributor #24 tracking social intelligence.",DE-BE
kg_0098,telegram,kaggle_analyst_9,"Corporate carbon offset programs are largely greenwashing theater. We need actual emissions reduction, not accounting tricks. #SustainableTech #ClimateAction",en,2026-10-01T21:34:25.450930+00:00,66,23,16,#SustainableTech,"Data science enthusiast, Kaggle contributor #9 tracking social intelligence.",IN-MH
kg_0084,x,kaggle_analyst_26,Smart microgrids powered by AI load prediction are keeping hospital systems running during extreme summer heatwaves. #SustainableTech #SmartGrid,hinglish,2026-10-01T21:39:11.661783+00:00,21,4,1,#SustainableTech,"Data science enthusiast, Kaggle contributor #26 tracking social intelligence.",IN-DL
kg_0101,x,vikas_crypto_trader,Bitcoin hash rate reached a new all-time high! On-chain liquidity depth is stronger than ever. #CryptoRally #Bitcoin,hinglish,2026-10-01T22:08:17.377649+00:00,42,14,8,#CryptoRally,Crypto on-chain analyst Mumbai. Technical analysis & DeFi.,IN-MH
kg_0028,x,kaggle_analyst_10,Bitcoin hash rate reached a new all-time high! On-chain liquidity depth is stronger than ever. #CryptoRally #Bitcoin,en,2026-10-01T22:55:09.367613+00:00,112,33,9,#CryptoRally,"Data science enthusiast, Kaggle contributor #10 tracking social intelligence.",IN-MH
kg_0072,x,kaggle_analyst_28,Yeh naya multi-modal model dekh kar dimaag hil gaya! Code generation quality 10x improve ho gayi hai. #AIRevolution #Tech,hinglish,2026-10-01T23:01:22.629389+00:00,6,1,1,#AIRevolution,"Data science enthusiast, Kaggle contributor #28 tracking social intelligence.",IN-DL
kg_0077,x,kaggle_analyst_37,Unannounced breaking API changes pushed directly to production. Our payment integration has been failing for 4 hours! #BrandCrisis #Outage,en,2026-10-01T23:07:10.610852+00:00,25,3,3,#BrandCrisis,"Data science enthusiast, Kaggle contributor #37 tracking social intelligence.",IN-KA
kg_0050,reddit,satoshi_believer,Remember to manage leverage carefully. Excessive greed during rallies always triggers painful liquidation wicks. #CryptoRally #RiskManagement,en,2026-10-01T23:19:52.150191+00:00,74,18,6,#CryptoRally,Bitcoin max & decentralized finance advocate. Zurich.,CH-ZH
kg_0065,x,kaggle_analyst_20,Masterclass in public relations: Blaming developers for your undocumented server-side breaking change. Bravo CloudCorp! #BrandCrisis #Sarcasm,en,2026-10-01T23:42:43.887732+00:00,60,23,10,#BrandCrisis,"Data science enthusiast, Kaggle contributor #20 tracking social intelligence.",IN-DL
kg_0019,reddit,kaggle_analyst_19,Decentralized lending protocols processed record volume without a single liquidation bad debt event. Impressive resilience! #CryptoRally #DeFi,hinglish,2026-10-01T23:42:58.072848+00:00,23,3,5,#CryptoRally,"Data science enthusiast, Kaggle contributor #19 tracking social intelligence.",DE-BE
kg_0073,x,kaggle_analyst_38,Open models ensure that researchers in developing countries can innovate without prohibitive cloud compute costs. #AIRevolution #DemocratizeAI,en,2026-10-01T23:48:07.638431+00:00,41,11,4,#AIRevolution,"Data science enthusiast, Kaggle contributor #38 tracking social intelligence.",IN-MH
kg_0097,telegram,kaggle_analyst_13,Bhai har company apna GPT wrapper bana kar billion dollar funding maang rahi hai. Bubble alert! #AIRevolution #VCHype,hinglish,2026-10-01T23:54:03.564393+00:00,70,12,14,#AIRevolution,"Data science enthusiast, Kaggle contributor #13 tracking social intelligence.",IN-MH
kg_0021,reddit,kaggle_analyst_34,"Breakthrough solid-state battery chemistry shows 95% retention after 1,000 thermal shock cycles. Game changer for EVs! #SustainableTech #CleanTech",en,2026-10-01T23:55:38.720032+00:00,8,0,1,#SustainableTech,"Data science enthusiast, Kaggle contributor #34 tracking social intelligence.",US-CA
kg_0020,telegram,kaggle_analyst_10,Decentralized lending protocols processed record volume without a single liquidation bad debt event. Impressive resilience! #CryptoRally #DeFi,en,2026-10-01T23:59:05.249587+00:00,82,31,19,#CryptoRally,"Data science enthusiast, Kaggle contributor #10 tracking social intelligence.",IN-MH
kg_0087,reddit,kaggle_analyst_8,Are we moving too fast with autonomous agent deployment? The alignment verification benchmarks are severely lagging. #AIRevolution #Safety,en,2026-10-02T00:06:17.997730+00:00,17,2,3,#AIRevolution,"Data science enthusiast, Kaggle contributor #8 tracking social intelligence.",IN-MH
kg_0011,telegram,kaggle_analyst_24,So heartbroken to see the entire core team fired via automated email after 6 years of dedication. Corporate cruelty at its peak. #BrandCrisis #TechLayoffs,en,2026-10-02T00:29:53.377716+00:00,30,8,2,#BrandCrisis,"Data science enthusiast, Kaggle contributor #24 tracking social intelligence.",DE-BE
kg_0116,x,green_future_now,"Corporate carbon offset programs are largely greenwashing theater. We need actual emissions reduction, not accounting tricks. #SustainableTech #ClimateAction",en,2026-10-02T00:44:57.611179+00:00,18,5,2,#SustainableTech,Renewable energy policy researcher based in Berlin.,DE-BE
kg_0018,reddit,kaggle_analyst_2,Congratulations to venture funds on dumping their unlocked allocations right into retail liquidity. Classic. #CryptoRally #Sarcasm,hinglish,2026-10-02T00:46:18.814895+00:00,36,11,3,#CryptoRally,"Data science enthusiast, Kaggle contributor #2 tracking social intelligence.",DE-BE
kg_0056,x,desimeme_analyst,Yeh naya multi-modal model dekh kar dimaag hil gaya! Code generation quality 10x improve ho gayi hai. #AIRevolution #Tech,hinglish,2026-10-02T00:51:23.081891+00:00,103,21,11,#AIRevolution,Tech commentator. Sarcasm is the highest form of intelligence.,IN-MH
kg_0029,x,kaggle_analyst_38,Circular battery recycling facilities must scale 5x faster to prevent rare metal shortages by 2030. #SustainableTech #CircularEconomy,en,2026-10-02T01:07:05.881777+00:00,74,18,3,#SustainableTech,"Data science enthusiast, Kaggle contributor #38 tracking social intelligence.",IN-MH
kg_0051,telegram,kaggle_analyst_18,Circular battery recycling facilities must scale 5x faster to prevent rare metal shortages by 2030. #SustainableTech #CircularEconomy,en,2026-10-02T01:09:53.276862+00:00,98,20,7,#SustainableTech,"Data science enthusiast, Kaggle contributor #18 tracking social intelligence.",IN-DL
kg_0106,telegram,kaggle_analyst_32,Market green dekh ke dil khush ho gaya dosto! Bull run officially confirmed lag raha hai. #CryptoRally #CryptoIndia,hinglish,2026-10-02T01:17:51.273997+00:00,87,19,17,#CryptoRally,"Data science enthusiast, Kaggle contributor #32 tracking social intelligence.",IN-MH
kg_0006,youtube,kaggle_analyst_39,Remember to manage leverage carefully. Excessive greed during rallies always triggers painful liquidation wicks. #CryptoRally #RiskManagement,hinglish,2026-10-02T01:18:08.289801+00:00,80,18,8,#CryptoRally,"Data science enthusiast, Kaggle contributor #39 tracking social intelligence.",US-CA
kg_0040,x,kaggle_analyst_7,Open models ensure that researchers in developing countries can innovate without prohibitive cloud compute costs. #AIRevolution #DemocratizeAI,hinglish,2026-10-02T01:32:54.358769+00:00,111,24,16,#AIRevolution,"Data science enthusiast, Kaggle contributor #7 tracking social intelligence.",IN-DL
kg_0048,x,kaggle_analyst_23,New open weights model just dropped and it beats closed frontier models on standard coding benchmarks! #AIRevolution #OpenSource,en,2026-10-02T01:43:23.747932+00:00,91,23,22,#AIRevolution,"Data science enthusiast, Kaggle contributor #23 tracking social intelligence.",UK-ENG
kg_0004,x,vikas_crypto_trader,"Corporate carbon offset programs are largely greenwashing theater. We need actual emissions reduction, not accounting tricks. #SustainableTech #ClimateAction",hinglish,2026-10-02T01:46:51.599852+00:00,54,11,10,#SustainableTech,Crypto on-chain analyst Mumbai. Technical analysis & DeFi.,IN-MH
kg_0071,reddit,desimeme_analyst,Layoffs hitting junior developers as AI coding tools spread. We need urgent reskilling pathways. #AIRevolution #Jobs,hinglish,2026-10-02T01:48:27.808157+00:00,97,38,24,#AIRevolution,Tech commentator. Sarcasm is the highest form of intelligence.,IN-MH
kg_0001,reddit,kaggle_analyst_28,Smart microgrids powered by AI load prediction are keeping hospital systems running during extreme summer heatwaves. #SustainableTech #SmartGrid,en,2026-10-02T02:02:13.630464+00:00,96,14,20,#SustainableTech,"Data science enthusiast, Kaggle contributor #28 tracking social intelligence.",IN-DL
kg_0032,telegram,kaggle_analyst_30,Yeh naya multi-modal model dekh kar dimaag hil gaya! Code generation quality 10x improve ho gayi hai. #AIRevolution #Tech,hinglish,2026-10-02T02:03:38.430497+00:00,62,19,8,#AIRevolution,"Data science enthusiast, Kaggle contributor #30 tracking social intelligence.",IN-KA
kg_0067,x,kaggle_analyst_25,Bitcoin hash rate reached a new all-time high! On-chain liquidity depth is stronger than ever. #CryptoRally #Bitcoin,en,2026-10-02T02:05:36.694602+00:00,15,4,1,#CryptoRally,"Data science enthusiast, Kaggle contributor #25 tracking social intelligence.",US-CA
kg_0109,telegram,kaggle_analyst_20,Oh brilliant! Another mandatory subscription tier so we can pay $30 a month to format tables. Pure innovation. #AIRevolution #Sarcasm,en,2026-10-02T02:09:33.501992+00:00,74,15,6,#AIRevolution,"Data science enthusiast, Kaggle contributor #20 tracking social intelligence.",IN-DL
kg_0031,x,kaggle_analyst_18,So heartbroken to see the entire core team fired via automated email after 6 years of dedication. Corporate cruelty at its peak. #BrandCrisis #TechLayoffs,en,2026-10-02T02:19:16.358470+00:00,27,4,5,#BrandCrisis,"Data science enthusiast, Kaggle contributor #18 tracking social intelligence.",IN-DL
kg_0114,x,kaggle_analyst_15,Critical security patch reverted without notification. Enterprise customers deserve immediate transparency. #BrandCrisis #Security,en,2026-10-02T02:29:49.892824+00:00,84,10,19,#BrandCrisis,"Data science enthusiast, Kaggle contributor #15 tracking social intelligence.",UK-ENG
kg_0057,x,kaggle_analyst_31,Are we moving too fast with autonomous agent deployment? The alignment verification benchmarks are severely lagging. #AIRevolution #Safety,hinglish,2026-10-02T02:32:13.606313+00:00,70,19,8,#AIRevolution,"Data science enthusiast, Kaggle contributor #31 tracking social intelligence.",IN-MH
kg_0082,x,kaggle_analyst_19,"Kya bakwas cloud provider hai, customer support bot bus automated loop me ghuma raha hai! Total disaster. #BrandCrisis #Downtime",hinglish,2026-10-02T02:33:05.957686+00:00,112,35,11,#BrandCrisis,"Data science enthusiast, Kaggle contributor #19 tracking social intelligence.",DE-BE
kg_0017,x,kaggle_analyst_16,Market green dekh ke dil khush ho gaya dosto! Bull run officially confirmed lag raha hai. #CryptoRally #CryptoIndia,hinglish,2026-10-02T02:47:09.482012+00:00,84,20,10,#CryptoRally,"Data science enthusiast, Kaggle contributor #16 tracking social intelligence.",IN-KA
kg_0066,x,kaggle_analyst_14,Decentralized lending protocols processed record volume without a single liquidation bad debt event. Impressive resilience! #CryptoRally #DeFi,en,2026-10-02T02:54:27.091977+00:00,36,7,3,#CryptoRally,"Data science enthusiast, Kaggle contributor #14 tracking social intelligence.",IN-KA
kg_0047,reddit,kaggle_analyst_9,New open weights model just dropped and it beats closed frontier models on standard coding benchmarks! #AIRevolution #OpenSource,en,2026-10-02T03:39:09.123519+00:00,45,16,4,#AIRevolution,"Data science enthusiast, Kaggle contributor #9 tracking social intelligence.",IN-MH
kg_0118,telegram,kaggle_analyst_4,Remember to manage leverage carefully. Excessive greed during rallies always triggers painful liquidation wicks. #CryptoRally #RiskManagement,en,2026-10-02T03:53:36.079943+00:00,14,2,1,#CryptoRally,"Data science enthusiast, Kaggle contributor #4 tracking social intelligence.",IN-KA
kg_0002,youtube,kaggle_analyst_13,"Kya bakwas cloud provider hai, customer support bot bus automated loop me ghuma raha hai! Total disaster. #BrandCrisis #Downtime",hinglish,2026-10-02T03:57:02.548073+00:00,42,9,7,#BrandCrisis,"Data science enthusiast, Kaggle contributor #13 tracking social intelligence.",IN-MH
kg_0014,reddit,kaggle_analyst_36,Smart microgrids powered by AI load prediction are keeping hospital systems running during extreme summer heatwaves. #SustainableTech #SmartGrid,en,2026-10-02T04:09:41.246003+00:00,36,4,2,#SustainableTech,"Data science enthusiast, Kaggle contributor #36 tracking social intelligence.",DE-BE
kg_0042,reddit,kaggle_analyst_37,Congratulations to venture funds on dumping their unlocked allocations right into retail liquidity. Classic. #CryptoRally #Sarcasm,en,2026-10-02T04:13:18.002095+00:00,53,12,2,#CryptoRally,"Data science enthusiast, Kaggle contributor #37 tracking social intelligence.",IN-KA
kg_0052,x,green_future_now,Layoffs hitting junior developers as AI coding tools spread. We need urgent reskilling pathways. #AIRevolution #Jobs,en,2026-10-02T04:15:12.302298+00:00,20,3,4,#AIRevolution,Renewable energy policy researcher based in Berlin.,DE-BE
kg_0054,telegram,kaggle_analyst_19,Bitcoin hash rate reached a new all-time high! On-chain liquidity depth is stronger than ever. #CryptoRally #Bitcoin,hinglish,2026-10-02T04:18:16.109095+00:00,89,33,13,#CryptoRally,"Data science enthusiast, Kaggle contributor #19 tracking social intelligence.",DE-BE
kg_0013,x,kaggle_analyst_18,New open weights model just dropped and it beats closed frontier models on standard coding benchmarks! #AIRevolution #OpenSource,en,2026-10-02T04:19:11.052740+00:00,99,29,23,#AIRevolution,"Data science enthusiast, Kaggle contributor #18 tracking social intelligence.",IN-DL
kg_0089,x,green_future_now,Yeh naya multi-modal model dekh kar dimaag hil gaya! Code generation quality 10x improve ho gayi hai. #AIRevolution #Tech,hinglish,2026-10-02T04:23:59.382373+00:00,32,8,1,#AIRevolution,Renewable energy policy researcher based in Berlin.,DE-BE
kg_0024,reddit,desimeme_analyst,Unannounced breaking API changes pushed directly to production. Our payment integration has been failing for 4 hours! #BrandCrisis #Outage,hinglish,2026-10-02T04:41:18.239428+00:00,33,7,6,#BrandCrisis,Tech commentator. Sarcasm is the highest form of intelligence.,IN-MH
kg_0080,x,kaggle_analyst_18,Market green dekh ke dil khush ho gaya dosto! Bull run officially confirmed lag raha hai. #CryptoRally #CryptoIndia,hinglish,2026-10-02T05:08:44.649592+00:00,90,9,16,#CryptoRally,"Data science enthusiast, Kaggle contributor #18 tracking social intelligence.",IN-DL
kg_0102,x,kaggle_analyst_39,Deploying quantized models locally on MacBook with zero cloud latency. The developer experience is sublime. #AIRevolution #LocalAI,hinglish,2026-10-02T05:33:28.415021+00:00,98,26,8,#AIRevolution,"Data science enthusiast, Kaggle contributor #39 tracking social intelligence.",US-CA
kg_0104,reddit,kaggle_analyst_17,Layoffs hitting junior developers as AI coding tools spread. We need urgent reskilling pathways. #AIRevolution #Jobs,en,2026-10-02T05:39:36.643469+00:00,45,17,6,#AIRevolution,"Data science enthusiast, Kaggle contributor #17 tracking social intelligence.",IN-MH
kg_0111,reddit,kaggle_analyst_20,Remember to manage leverage carefully. Excessive greed during rallies always triggers painful liquidation wicks. #CryptoRally #RiskManagement,en,2026-10-02T05:40:08.603600+00:00,17,6,1,#CryptoRally,"Data science enthusiast, Kaggle contributor #20 tracking social intelligence.",IN-DL
kg_0003,x,kaggle_analyst_37,Masterclass in public relations: Blaming developers for your undocumented server-side breaking change. Bravo CloudCorp! #BrandCrisis #Sarcasm,en,2026-10-02T05:43:54.918395+00:00,57,19,7,#BrandCrisis,"Data science enthusiast, Kaggle contributor #37 tracking social intelligence.",IN-KA
kg_0064,x,kaggle_analyst_26,Oh brilliant! Another mandatory subscription tier so we can pay $30 a month to format tables. Pure innovation. #AIRevolution #Sarcasm,hinglish,2026-10-02T06:03:50.202860+00:00,97,18,20,#AIRevolution,"Data science enthusiast, Kaggle contributor #26 tracking social intelligence.",IN-DL
kg_0083,x,kaggle_analyst_25,Deploying quantized models locally on MacBook with zero cloud latency. The developer experience is sublime. #AIRevolution #LocalAI,en,2026-10-02T06:14:53.648403+00:00,42,14,6,#AIRevolution,"Data science enthusiast, Kaggle contributor #25 tracking social intelligence.",US-CA
kg_0062,x,rohit_sharma_dev,Remember to manage leverage carefully. Excessive greed during rallies always triggers painful liquidation wicks. #CryptoRally #RiskManagement,hinglish,2026-10-02T06:15:12.373459+00:00,587,134,133,#CryptoRally,"Senior Cloud Developer from Pune. Docker, Kubernetes, Chai.",IN-MH
kg_0023,telegram,kaggle_analyst_11,Layoffs hitting junior developers as AI coding tools spread. We need urgent reskilling pathways. #AIRevolution #Jobs,en,2026-10-02T07:00:50.847584+00:00,77,16,13,#AIRevolution,"Data science enthusiast, Kaggle contributor #11 tracking social intelligence.",IN-MH
kg_0039,telegram,kaggle_analyst_23,Smart microgrids powered by AI load prediction are keeping hospital systems running during extreme summer heatwaves. #SustainableTech #SmartGrid,en,2026-10-02T07:24:01.335514+00:00,53,20,8,#SustainableTech,"Data science enthusiast, Kaggle contributor #23 tracking social intelligence.",UK-ENG
kg_0092,x,kaggle_analyst_18,Bitcoin hash rate reached a new all-time high! On-chain liquidity depth is stronger than ever. #CryptoRally #Bitcoin,en,2026-10-02T07:30:11.416622+00:00,17,6,0,#CryptoRally,"Data science enthusiast, Kaggle contributor #18 tracking social intelligence.",IN-DL
kg_0008,telegram,vikas_crypto_trader,Bhai crypto tax guidelines kab clarify honge? Anxiety ho rahi hai reporting karte waqt. #CryptoRally #CryptoTax,hinglish,2026-10-02T08:06:00.492745+00:00,9,2,1,#CryptoRally,Crypto on-chain analyst Mumbai. Technical analysis & DeFi.,IN-MH
kg_0117,telegram,kaggle_analyst_38,Decentralized lending protocols processed record volume without a single liquidation bad debt event. Impressive resilience! #CryptoRally #DeFi,en,2026-10-02T08:09:23.310378+00:00,91,36,20,#CryptoRally,"Data science enthusiast, Kaggle contributor #38 tracking social intelligence.",IN-MH
kg_0074,x,kaggle_analyst_10,Market green dekh ke dil khush ho gaya dosto! Bull run officially confirmed lag raha hai. #CryptoRally #CryptoIndia,hinglish,2026-10-02T08:09:46.098897+00:00,100,20,8,#CryptoRally,"Data science enthusiast, Kaggle contributor #10 tracking social intelligence.",IN-MH
kg_0030,telegram,desimeme_analyst,Grid-scale solar installations just crossed 100GW milestone in Western India. Decentralized power is happening! #SustainableTech #SolarEnergy,hinglish,2026-10-02T08:28:00.741743+00:00,86,27,12,#SustainableTech,Tech commentator. Sarcasm is the highest form of intelligence.,IN-MH
kg_0049,x,kaggle_analyst_14,New open weights model just dropped and it beats closed frontier models on standard coding benchmarks! #AIRevolution #OpenSource,en,2026-10-02T08:31:37.664365+00:00,81,31,15,#AIRevolution,"Data science enthusiast, Kaggle contributor #14 tracking social intelligence.",IN-KA
kg_0075,x,kaggle_analyst_23,Unannounced breaking API changes pushed directly to production. Our payment integration has been failing for 4 hours! #BrandCrisis #Outage,en,2026-10-02T08:36:37.415528+00:00,15,3,1,#BrandCrisis,"Data science enthusiast, Kaggle contributor #23 tracking social intelligence.",UK-ENG
kg_0059,telegram,kaggle_analyst_33,"Corporate carbon offset programs are largely greenwashing theater. We need actual emissions reduction, not accounting tricks. #SustainableTech #ClimateAction",hinglish,2026-10-02T08:51:00.579011+00:00,95,35,6,#SustainableTech,"Data science enthusiast, Kaggle contributor #33 tracking social intelligence.",DE-BE
kg_0199,youtube,kaggle_analyst_11,Smart microgrids powered by AI load prediction are keeping hospital systems running during extreme summer heatwaves. #SustainableTech #SmartGrid,en,2026-10-02T11:11:54.539190+00:00,65,18,11,#SustainableTech,"Data science enthusiast, Kaggle contributor #11 tracking social intelligence.",IN-MH
kg_0134,x,kaggle_analyst_39,Layoffs hitting junior developers as AI coding tools spread. We need urgent reskilling pathways. #AIRevolution #Jobs,hinglish,2026-10-02T11:16:13.564423+00:00,32,9,6,#AIRevolution,"Data science enthusiast, Kaggle contributor #39 tracking social intelligence.",US-CA
kg_0209,telegram,ai_insider,Masterclass in public relations: Blaming developers for your undocumented server-side breaking change. Bravo CloudCorp! #BrandCrisis #Sarcasm,en,2026-10-02T11:27:40.640332+00:00,2308,530,257,#BrandCrisis,Covering cutting edge generative models and research papers. SF & London.,US-CA
kg_0210,x,solar_ananya,Layoffs hitting junior developers as AI coding tools spread. We need urgent reskilling pathways. #AIRevolution #Jobs,hinglish,2026-10-02T11:34:53.884785+00:00,52,19,12,#AIRevolution,CleanTech consultant Delhi. Solar rooftop & decarbonization.,IN-DL
kg_0233,x,kaggle_analyst_12,Smart microgrids powered by AI load prediction are keeping hospital systems running during extreme summer heatwaves. #SustainableTech #SmartGrid,en,2026-10-02T11:35:28.297576+00:00,20,2,4,#SustainableTech,"Data science enthusiast, Kaggle contributor #12 tracking social intelligence.",UK-ENG
kg_0168,telegram,cynical_coder,Grid-scale solar installations just crossed 100GW milestone in Western India. Decentralized power is happening! #SustainableTech #SolarEnergy,hinglish,2026-10-02T11:36:43.884671+00:00,25,7,1,#SustainableTech,Software skeptic. Tired of VC buzzwords and SaaS price hikes.,US-WA
kg_0164,youtube,kaggle_analyst_5,"Breakthrough solid-state battery chemistry shows 95% retention after 1,000 thermal shock cycles. Game changer for EVs! #SustainableTech #CleanTech",en,2026-10-02T11:40:45.882377+00:00,11,3,0,#SustainableTech,"Data science enthusiast, Kaggle contributor #5 tracking social intelligence.",UK-ENG
kg_0139,telegram,kaggle_analyst_6,"Kya bakwas cloud provider hai, customer support bot bus automated loop me ghuma raha hai! Total disaster. #BrandCrisis #Downtime",hinglish,2026-10-02T11:43:07.895384+00:00,113,29,9,#BrandCrisis,"Data science enthusiast, Kaggle contributor #6 tracking social intelligence.",IN-MH
kg_0176,x,kaggle_analyst_34,Are we moving too fast with autonomous agent deployment? The alignment verification benchmarks are severely lagging. #AIRevolution #Safety,en,2026-10-02T11:45:10.972764+00:00,117,46,6,#AIRevolution,"Data science enthusiast, Kaggle contributor #34 tracking social intelligence.",US-CA
kg_0269,reddit,kaggle_analyst_27,Are we moving too fast with autonomous agent deployment? The alignment verification benchmarks are severely lagging. #AIRevolution #Safety,hinglish,2026-10-02T11:50:05.688481+00:00,9,2,1,#AIRevolution,"Data science enthusiast, Kaggle contributor #27 tracking social intelligence.",DE-BE
kg_0228,x,kaggle_analyst_14,Deploying quantized models locally on MacBook with zero cloud latency. The developer experience is sublime. #AIRevolution #LocalAI,en,2026-10-02T11:57:32.515747+00:00,41,15,6,#AIRevolution,"Data science enthusiast, Kaggle contributor #14 tracking social intelligence.",IN-KA
kg_0143,x,kaggle_analyst_16,Grid-scale solar installations just crossed 100GW milestone in Western India. Decentralized power is happening! #SustainableTech #SolarEnergy,hinglish,2026-10-02T11:58:33.685189+00:00,12,4,1,#SustainableTech,"Data science enthusiast, Kaggle contributor #16 tracking social intelligence.",IN-KA
kg_0235,x,kaggle_analyst_11,Smart microgrids powered by AI load prediction are keeping hospital systems running during extreme summer heatwaves. #SustainableTech #SmartGrid,en,2026-10-02T12:01:32.290385+00:00,114,41,23,#SustainableTech,"Data science enthusiast, Kaggle contributor #11 tracking social intelligence.",IN-MH
kg_0263,x,kaggle_analyst_33,New open weights model just dropped and it beats closed frontier models on standard coding benchmarks! #AIRevolution #OpenSource,hinglish,2026-10-02T12:04:09.228458+00:00,92,30,5,#AIRevolution,"Data science enthusiast, Kaggle contributor #33 tracking social intelligence.",DE-BE
kg_0188,x,cynical_coder,Congratulations to venture funds on dumping their unlocked allocations right into retail liquidity. Classic. #CryptoRally #Sarcasm,en,2026-10-02T12:09:58.873107+00:00,66,22,12,#CryptoRally,Software skeptic. Tired of VC buzzwords and SaaS price hikes.,US-WA
kg_0277,reddit,kaggle_analyst_38,New open weights model just dropped and it beats closed frontier models on standard coding benchmarks! #AIRevolution #OpenSource,en,2026-10-02T12:13:06.587677+00:00,24,6,1,#AIRevolution,"Data science enthusiast, Kaggle contributor #38 tracking social intelligence.",IN-MH
kg_0258,reddit,kaggle_analyst_14,Unannounced breaking API changes pushed directly to production. Our payment integration has been failing for 4 hours! #BrandCrisis #Outage,en,2026-10-02T12:16:07.702483+00:00,33,4,4,#BrandCrisis,"Data science enthusiast, Kaggle contributor #14 tracking social intelligence.",IN-KA
kg_0224,x,satoshi_believer,Deploying quantized models locally on MacBook with zero cloud latency. The developer experience is sublime. #AIRevolution #LocalAI,en,2026-10-02T12:17:54.687912+00:00,11,2,2,#AIRevolution,Bitcoin max & decentralized finance advocate. Zurich.,CH-ZH
kg_0138,x,kaggle_analyst_7,"Kya bakwas cloud provider hai, customer support bot bus automated loop me ghuma raha hai! Total disaster. #BrandCrisis #Downtime",hinglish,2026-10-02T12:21:18.764641+00:00,109,25,23,#BrandCrisis,"Data science enthusiast, Kaggle contributor #7 tracking social intelligence.",IN-DL
kg_0166,x,kaggle_analyst_26,Smart microgrids powered by AI load prediction are keeping hospital systems running during extreme summer heatwaves. #SustainableTech #SmartGrid,hinglish,2026-10-02T12:25:06.345414+00:00,27,8,6,#SustainableTech,"Data science enthusiast, Kaggle contributor #26 tracking social intelligence.",IN-DL
kg_0186,reddit,kaggle_analyst_13,Oh brilliant! Another mandatory subscription tier so we can pay $30 a month to format tables. Pure innovation. #AIRevolution #Sarcasm,en,2026-10-02T12:41:57.570576+00:00,14,1,1,#AIRevolution,"Data science enthusiast, Kaggle contributor #13 tracking social intelligence.",IN-MH
kg_0175,x,kaggle_analyst_18,"Kya bakwas cloud provider hai, customer support bot bus automated loop me ghuma raha hai! Total disaster. #BrandCrisis #Downtime",hinglish,2026-10-02T12:52:13.544377+00:00,45,6,4,#BrandCrisis,"Data science enthusiast, Kaggle contributor #18 tracking social intelligence.",IN-DL
kg_0179,reddit,kaggle_analyst_4,Deploying quantized models locally on MacBook with zero cloud latency. The developer experience is sublime. #AIRevolution #LocalAI,en,2026-10-02T12:52:42.499715+00:00,65,21,15,#AIRevolution,"Data science enthusiast, Kaggle contributor #4 tracking social intelligence.",IN-KA
kg_0225,x,kaggle_analyst_26,Masterclass in public relations: Blaming developers for your undocumented server-side breaking change. Bravo CloudCorp! #BrandCrisis #Sarcasm,hinglish,2026-10-02T12:55:08.126875+00:00,33,6,8,#BrandCrisis,"Data science enthusiast, Kaggle contributor #26 tracking social intelligence.",IN-DL
kg_0265,x,kaggle_analyst_32,Grid-scale solar installations just crossed 100GW milestone in Western India. Decentralized power is happening! #SustainableTech #SolarEnergy,hinglish,2026-10-02T12:57:13.561048+00:00,30,6,2,#SustainableTech,"Data science enthusiast, Kaggle contributor #32 tracking social intelligence.",IN-MH
kg_0126,reddit,kaggle_analyst_32,Decentralized lending protocols processed record volume without a single liquidation bad debt event. Impressive resilience! #CryptoRally #DeFi,en,2026-10-02T13:01:17.736865+00:00,31,8,6,#CryptoRally,"Data science enthusiast, Kaggle contributor #32 tracking social intelligence.",IN-MH
kg_0272,youtube,cynical_coder,Open models ensure that researchers in developing countries can innovate without prohibitive cloud compute costs. #AIRevolution #DemocratizeAI,en,2026-10-02T13:03:56.196624+00:00,27,3,5,#AIRevolution,Software skeptic. Tired of VC buzzwords and SaaS price hikes.,US-WA
kg_0278,telegram,kaggle_analyst_20,New open weights model just dropped and it beats closed frontier models on standard coding benchmarks! #AIRevolution #OpenSource,en,2026-10-02T13:10:03.082510+00:00,59,6,9,#AIRevolution,"Data science enthusiast, Kaggle contributor #20 tracking social intelligence.",IN-DL
kg_0243,reddit,kaggle_analyst_37,Grid-scale solar installations just crossed 100GW milestone in Western India. Decentralized power is happening! #SustainableTech #SolarEnergy,hinglish,2026-10-02T13:32:49.566990+00:00,83,16,9,#SustainableTech,"Data science enthusiast, Kaggle contributor #37 tracking social intelligence.",IN-KA
kg_0161,reddit,kaggle_analyst_2,Decentralized lending protocols processed record volume without a single liquidation bad debt event. Impressive resilience! #CryptoRally #DeFi,hinglish,2026-10-02T13:36:16.936532+00:00,118,34,8,#CryptoRally,"Data science enthusiast, Kaggle contributor #2 tracking social intelligence.",DE-BE
kg_0256,reddit,kaggle_analyst_6,Grid-scale solar installations just crossed 100GW milestone in Western India. Decentralized power is happening! #SustainableTech #SolarEnergy,hinglish,2026-10-02T13:39:12.112058+00:00,120,38,24,#SustainableTech,"Data science enthusiast, Kaggle contributor #6 tracking social intelligence.",IN-MH
kg_0165,reddit,kaggle_analyst_5,Market green dekh ke dil khush ho gaya dosto! Bull run officially confirmed lag raha hai. #CryptoRally #CryptoIndia,hinglish,2026-10-02T13:40:30.444440+00:00,40,6,7,#CryptoRally,"Data science enthusiast, Kaggle contributor #5 tracking social intelligence.",UK-ENG
kg_0155,x,kaggle_analyst_17,"Kya bakwas cloud provider hai, customer support bot bus automated loop me ghuma raha hai! Total disaster. #BrandCrisis #Downtime",hinglish,2026-10-02T13:55:07.969298+00:00,3,0,0,#BrandCrisis,"Data science enthusiast, Kaggle contributor #17 tracking social intelligence.",IN-MH
kg_0141,reddit,kaggle_analyst_5,Remember to manage leverage carefully. Excessive greed during rallies always triggers painful liquidation wicks. #CryptoRally #RiskManagement,en,2026-10-02T14:13:27.948078+00:00,94,31,23,#CryptoRally,"Data science enthusiast, Kaggle contributor #5 tracking social intelligence.",UK-ENG
kg_0212,x,satoshi_believer,Deploying quantized models locally on MacBook with zero cloud latency. The developer experience is sublime. #AIRevolution #LocalAI,en,2026-10-02T14:26:07.299459+00:00,15,5,2,#AIRevolution,Bitcoin max & decentralized finance advocate. Zurich.,CH-ZH
kg_0123,reddit,kaggle_analyst_24,Remember to manage leverage carefully. Excessive greed during rallies always triggers painful liquidation wicks. #CryptoRally #RiskManagement,en,2026-10-02T14:32:31.085007+00:00,26,4,4,#CryptoRally,"Data science enthusiast, Kaggle contributor #24 tracking social intelligence.",DE-BE
kg_0163,reddit,kaggle_analyst_27,So heartbroken to see the entire core team fired via automated email after 6 years of dedication. Corporate cruelty at its peak. #BrandCrisis #TechLayoffs,hinglish,2026-10-02T14:43:20.395584+00:00,42,4,8,#BrandCrisis,"Data science enthusiast, Kaggle contributor #27 tracking social intelligence.",DE-BE
kg_0169,reddit,kaggle_analyst_11,Deploying quantized models locally on MacBook with zero cloud latency. The developer experience is sublime. #AIRevolution #LocalAI,en,2026-10-02T14:52:03.167463+00:00,60,11,9,#AIRevolution,"Data science enthusiast, Kaggle contributor #11 tracking social intelligence.",IN-MH
kg_0154,reddit,cynical_coder,Bhai crypto tax guidelines kab clarify honge? Anxiety ho rahi hai reporting karte waqt. #CryptoRally #CryptoTax,hinglish,2026-10-02T14:54:17.987920+00:00,11,2,2,#CryptoRally,Software skeptic. Tired of VC buzzwords and SaaS price hikes.,US-WA
kg_0206,x,kaggle_analyst_13,Decentralized lending protocols processed record volume without a single liquidation bad debt event. Impressive resilience! #CryptoRally #DeFi,en,2026-10-02T14:54:39.789914+00:00,39,6,9,#CryptoRally,"Data science enthusiast, Kaggle contributor #13 tracking social intelligence.",IN-MH
kg_0121,x,kaggle_analyst_5,New open weights model just dropped and it beats closed frontier models on standard coding benchmarks! #AIRevolution #OpenSource,en,2026-10-02T15:11:21.006318+00:00,42,4,10,#AIRevolution,"Data science enthusiast, Kaggle contributor #5 tracking social intelligence.",UK-ENG
kg_0266,youtube,kaggle_analyst_22,Layoffs hitting junior developers as AI coding tools spread. We need urgent reskilling pathways. #AIRevolution #Jobs,en,2026-10-02T15:22:55.072703+00:00,28,6,2,#AIRevolution,"Data science enthusiast, Kaggle contributor #22 tracking social intelligence.",DE-BE
kg_0125,reddit,rohit_sharma_dev,Oh brilliant! Another mandatory subscription tier so we can pay $30 a month to format tables. Pure innovation. #AIRevolution #Sarcasm,hinglish,2026-10-02T15:24:01.718013+00:00,887,299,178,#AIRevolution,"Senior Cloud Developer from Pune. Docker, Kubernetes, Chai.",IN-MH
kg_0122,reddit,kaggle_analyst_20,Bhai crypto tax guidelines kab clarify honge? Anxiety ho rahi hai reporting karte waqt. #CryptoRally #CryptoTax,hinglish,2026-10-02T15:25:27.081915+00:00,74,16,8,#CryptoRally,"Data science enthusiast, Kaggle contributor #20 tracking social intelligence.",IN-DL
kg_0145,x,kaggle_analyst_30,"Corporate carbon offset programs are largely greenwashing theater. We need actual emissions reduction, not accounting tricks. #SustainableTech #ClimateAction",en,2026-10-02T15:39:45.171381+00:00,43,6,2,#SustainableTech,"Data science enthusiast, Kaggle contributor #30 tracking social intelligence.",IN-KA
kg_0189,reddit,ai_insider,Congratulations to venture funds on dumping their unlocked allocations right into retail liquidity. Classic. #CryptoRally #Sarcasm,en,2026-10-02T15:42:17.811641+00:00,3395,1014,395,#CryptoRally,Covering cutting edge generative models and research papers. SF & London.,US-CA
kg_0120,telegram,kaggle_analyst_11,"Kya bakwas cloud provider hai, customer support bot bus automated loop me ghuma raha hai! Total disaster. #BrandCrisis #Downtime",hinglish,2026-10-02T15:42:30.663164+00:00,108,28,17,#BrandCrisis,"Data science enthusiast, Kaggle contributor #11 tracking social intelligence.",IN-MH
kg_0226,x,cynical_coder,Are we moving too fast with autonomous agent deployment? The alignment verification benchmarks are severely lagging. #AIRevolution #Safety,en,2026-10-02T15:48:51.343384+00:00,9,1,0,#AIRevolution,Software skeptic. Tired of VC buzzwords and SaaS price hikes.,US-WA
kg_0130,reddit,kaggle_analyst_15,Critical security patch reverted without notification. Enterprise customers deserve immediate transparency. #BrandCrisis #Security,en,2026-10-02T15:58:13.889187+00:00,30,10,2,#BrandCrisis,"Data science enthusiast, Kaggle contributor #15 tracking social intelligence.",UK-ENG
kg_0187,telegram,kaggle_analyst_22,"Breakthrough solid-state battery chemistry shows 95% retention after 1,000 thermal shock cycles. Game changer for EVs! #SustainableTech #CleanTech",en,2026-10-02T16:03:27.385516+00:00,91,29,5,#SustainableTech,"Data science enthusiast, Kaggle contributor #22 tracking social intelligence.",DE-BE
kg_0194,x,kaggle_analyst_34,Layoffs hitting junior developers as AI coding tools spread. We need urgent reskilling pathways. #AIRevolution #Jobs,en,2026-10-02T16:15:05.374139+00:00,44,16,8,#AIRevolution,"Data science enthusiast, Kaggle contributor #34 tracking social intelligence.",US-CA
kg_0132,telegram,satoshi_believer,Open models ensure that researchers in developing countries can innovate without prohibitive cloud compute costs. #AIRevolution #DemocratizeAI,en,2026-10-02T16:24:30.311701+00:00,21,4,2,#AIRevolution,Bitcoin max & decentralized finance advocate. Zurich.,CH-ZH
kg_0207,reddit,quantum_leap_x,Circular battery recycling facilities must scale 5x faster to prevent rare metal shortages by 2030. #SustainableTech #CircularEconomy,en,2026-10-02T16:25:49.398503+00:00,6,0,1,#SustainableTech,Physics PhD & Quantum computing algorithms researcher.,US-CA
kg_0173,x,kaggle_analyst_39,Critical security patch reverted without notification. Enterprise customers deserve immediate transparency. #BrandCrisis #Security,hinglish,2026-10-02T16:26:24.069232+00:00,28,3,3,#BrandCrisis,"Data science enthusiast, Kaggle contributor #39 tracking social intelligence.",US-CA
kg_0158,x,kaggle_analyst_35,Circular battery recycling facilities must scale 5x faster to prevent rare metal shortages by 2030. #SustainableTech #CircularEconomy,en,2026-10-02T16:37:45.605342+00:00,80,25,11,#SustainableTech,"Data science enthusiast, Kaggle contributor #35 tracking social intelligence.",IN-DL
kg_0136,reddit,kaggle_analyst_38,Bitcoin hash rate reached a new all-time high! On-chain liquidity depth is stronger than ever. #CryptoRally #Bitcoin,en,2026-10-02T16:37:55.504018+00:00,87,31,20,#CryptoRally,"Data science enthusiast, Kaggle contributor #38 tracking social intelligence.",IN-MH
kg_0181,reddit,kaggle_analyst_39,Open models ensure that researchers in developing countries can innovate without prohibitive cloud compute costs. #AIRevolution #DemocratizeAI,hinglish,2026-10-02T16:43:52.942004+00:00,76,25,15,#AIRevolution,"Data science enthusiast, Kaggle contributor #39 tracking social intelligence.",US-CA
kg_0202,x,priya_ai_ml,Bhai har company apna GPT wrapper bana kar billion dollar funding maang rahi hai. Bubble alert! #AIRevolution #VCHype,hinglish,2026-10-02T16:44:05.852798+00:00,52,16,9,#AIRevolution,ML engineer Bengaluru. NLP and code-mixed conversational systems.,IN-KA
kg_0245,x,kaggle_analyst_21,Yeh naya multi-modal model dekh kar dimaag hil gaya! Code generation quality 10x improve ho gayi hai. #AIRevolution #Tech,hinglish,2026-10-02T16:53:16.334520+00:00,82,21,16,#AIRevolution,"Data science enthusiast, Kaggle contributor #21 tracking social intelligence.",IN-KA
kg_0241,telegram,quantum_leap_x,"Corporate carbon offset programs are largely greenwashing theater. We need actual emissions reduction, not accounting tricks. #SustainableTech #ClimateAction",en,2026-10-02T17:02:13.595403+00:00,105,19,12,#SustainableTech,Physics PhD & Quantum computing algorithms researcher.,US-CA
kg_0221,x,kaggle_analyst_17,Decentralized lending protocols processed record volume without a single liquidation bad debt event. Impressive resilience! #CryptoRally #DeFi,en,2026-10-02T17:04:05.090706+00:00,103,17,7,#CryptoRally,"Data science enthusiast, Kaggle contributor #17 tracking social intelligence.",IN-MH
kg_0151,reddit,kaggle_analyst_8,Oh brilliant! Another mandatory subscription tier so we can pay $30 a month to format tables. Pure innovation. #AIRevolution #Sarcasm,en,2026-10-02T17:07:19.536286+00:00,43,12,10,#AIRevolution,"Data science enthusiast, Kaggle contributor #8 tracking social intelligence.",IN-MH
kg_0150,telegram,kaggle_analyst_4,Masterclass in public relations: Blaming developers for your undocumented server-side breaking change. Bravo CloudCorp! #BrandCrisis #Sarcasm,en,2026-10-02T17:08:08.330451+00:00,50,9,12,#BrandCrisis,"Data science enthusiast, Kaggle contributor #4 tracking social intelligence.",IN-KA
kg_0231,reddit,kaggle_analyst_32,Bhai crypto tax guidelines kab clarify honge? Anxiety ho rahi hai reporting karte waqt. #CryptoRally #CryptoTax,hinglish,2026-10-02T17:11:11.698446+00:00,67,19,4,#CryptoRally,"Data science enthusiast, Kaggle contributor #32 tracking social intelligence.",IN-MH
kg_0159,x,kaggle_analyst_37,Congratulations to venture funds on dumping their unlocked allocations right into retail liquidity. Classic. #CryptoRally #Sarcasm,en,2026-10-02T17:20:48.496467+00:00,79,23,19,#CryptoRally,"Data science enthusiast, Kaggle contributor #37 tracking social intelligence.",IN-KA
kg_0196,x,kaggle_analyst_11,Market green dekh ke dil khush ho gaya dosto! Bull run officially confirmed lag raha hai. #CryptoRally #CryptoIndia,hinglish,2026-10-02T17:23:44.684986+00:00,86,29,16,#CryptoRally,"Data science enthusiast, Kaggle contributor #11 tracking social intelligence.",IN-MH
kg_0182,x,ev_battery_geek,"Kya bakwas cloud provider hai, customer support bot bus automated loop me ghuma raha hai! Total disaster. #BrandCrisis #Downtime",hinglish,2026-10-02T17:31:54.803981+00:00,38,10,9,#BrandCrisis,Solid state batteries & electric vehicle powertrain engineering.,DE-BE
kg_0214,reddit,priya_ai_ml,Bitcoin hash rate reached a new all-time high! On-chain liquidity depth is stronger than ever. #CryptoRally #Bitcoin,hinglish,2026-10-02T17:34:48.981957+00:00,63,16,13,#CryptoRally,ML engineer Bengaluru. NLP and code-mixed conversational systems.,IN-KA
kg_0144,x,kaggle_analyst_16,Yeh naya multi-modal model dekh kar dimaag hil gaya! Code generation quality 10x improve ho gayi hai. #AIRevolution #Tech,hinglish,2026-10-02T17:59:48.331493+00:00,119,19,16,#AIRevolution,"Data science enthusiast, Kaggle contributor #16 tracking social intelligence.",IN-KA
kg_0216,youtube,vikas_crypto_trader,"Kya bakwas cloud provider hai, customer support bot bus automated loop me ghuma raha hai! Total disaster. #BrandCrisis #Downtime",hinglish,2026-10-02T18:00:08.895273+00:00,115,43,8,#BrandCrisis,Crypto on-chain analyst Mumbai. Technical analysis & DeFi.,IN-MH
kg_0153,x,kaggle_analyst_6,Deploying quantized models locally on MacBook with zero cloud latency. The developer experience is sublime. #AIRevolution #LocalAI,en,2026-10-02T18:15:59.910384+00:00,113,23,26,#AIRevolution,"Data science enthusiast, Kaggle contributor #6 tracking social intelligence.",IN-MH
kg_0180,telegram,kaggle_analyst_4,Deploying quantized models locally on MacBook with zero cloud latency. The developer experience is sublime. #AIRevolution #LocalAI,en,2026-10-02T18:35:27.303344+00:00,94,19,8,#AIRevolution,"Data science enthusiast, Kaggle contributor #4 tracking social intelligence.",IN-KA
kg_0254,x,priya_ai_ml,Bhai har company apna GPT wrapper bana kar billion dollar funding maang rahi hai. Bubble alert! #AIRevolution #VCHype,hinglish,2026-10-02T18:35:52.896330+00:00,65,23,11,#AIRevolution,ML engineer Bengaluru. NLP and code-mixed conversational systems.,IN-KA
kg_0260,reddit,kaggle_analyst_4,Yeh naya multi-modal model dekh kar dimaag hil gaya! Code generation quality 10x improve ho gayi hai. #AIRevolution #Tech,hinglish,2026-10-02T18:41:24.133062+00:00,11,1,2,#AIRevolution,"Data science enthusiast, Kaggle contributor #4 tracking social intelligence.",IN-KA
kg_0276,x,kaggle_analyst_26,Are we moving too fast with autonomous agent deployment? The alignment verification benchmarks are severely lagging. #AIRevolution #Safety,hinglish,2026-10-02T18:55:16.341845+00:00,56,17,4,#AIRevolution,"Data science enthusiast, Kaggle contributor #26 tracking social intelligence.",IN-DL
kg_0191,x,rohit_sharma_dev,Are we moving too fast with autonomous agent deployment? The alignment verification benchmarks are severely lagging. #AIRevolution #Safety,hinglish,2026-10-02T18:56:27.257449+00:00,1252,481,219,#AIRevolution,"Senior Cloud Developer from Pune. Docker, Kubernetes, Chai.",IN-MH
kg_0200,reddit,kaggle_analyst_11,Unannounced breaking API changes pushed directly to production. Our payment integration has been failing for 4 hours! #BrandCrisis #Outage,en,2026-10-02T19:21:03.998153+00:00,97,16,16,#BrandCrisis,"Data science enthusiast, Kaggle contributor #11 tracking social intelligence.",IN-MH
kg_0171,x,kaggle_analyst_10,Bhai har company apna GPT wrapper bana kar billion dollar funding maang rahi hai. Bubble alert! #AIRevolution #VCHype,hinglish,2026-10-02T19:34:50.098804+00:00,25,8,4,#AIRevolution,"Data science enthusiast, Kaggle contributor #10 tracking social intelligence.",IN-MH
kg_0250,x,green_future_now,New open weights model just dropped and it beats closed frontier models on standard coding benchmarks! #AIRevolution #OpenSource,en,2026-10-02T19:39:55.651679+00:00,12,2,2,#AIRevolution,Renewable energy policy researcher based in Berlin.,DE-BE
kg_0234,x,kaggle_analyst_5,Bhai har company apna GPT wrapper bana kar billion dollar funding maang rahi hai. Bubble alert! #AIRevolution #VCHype,hinglish,2026-10-02T19:41:39.363484+00:00,18,6,2,#AIRevolution,"Data science enthusiast, Kaggle contributor #5 tracking social intelligence.",UK-ENG
kg_0192,x,solar_ananya,Market green dekh ke dil khush ho gaya dosto! Bull run officially confirmed lag raha hai. #CryptoRally #CryptoIndia,hinglish,2026-10-02T20:03:57.050779+00:00,36,13,5,#CryptoRally,CleanTech consultant Delhi. Solar rooftop & decarbonization.,IN-DL
kg_0160,telegram,kaggle_analyst_28,Congratulations to venture funds on dumping their unlocked allocations right into retail liquidity. Classic. #CryptoRally #Sarcasm,en,2026-10-02T20:05:49.934267+00:00,82,23,6,#CryptoRally,"Data science enthusiast, Kaggle contributor #28 tracking social intelligence.",IN-DL
kg_0152,youtube,kaggle_analyst_16,Are we moving too fast with autonomous agent deployment? The alignment verification benchmarks are severely lagging. #AIRevolution #Safety,hinglish,2026-10-02T20:06:35.432478+00:00,100,17,18,#AIRevolution,"Data science enthusiast, Kaggle contributor #16 tracking social intelligence.",IN-KA
kg_0211,telegram,satoshi_believer,Masterclass in public relations: Blaming developers for your undocumented server-side breaking change. Bravo CloudCorp! #BrandCrisis #Sarcasm,en,2026-10-02T20:09:04.815259+00:00,44,14,6,#BrandCrisis,Bitcoin max & decentralized finance advocate. Zurich.,CH-ZH
kg_0264,reddit,kaggle_analyst_24,Remember to manage leverage carefully. Excessive greed during rallies always triggers painful liquidation wicks. #CryptoRally #RiskManagement,en,2026-10-02T20:10:13.397058+00:00,27,9,2,#CryptoRally,"Data science enthusiast, Kaggle contributor #24 tracking social intelligence.",DE-BE
kg_0249,x,kaggle_analyst_16,Smart microgrids powered by AI load prediction are keeping hospital systems running during extreme summer heatwaves. #SustainableTech #SmartGrid,hinglish,2026-10-02T20:17:21.421390+00:00,59,5,4,#SustainableTech,"Data science enthusiast, Kaggle contributor #16 tracking social intelligence.",IN-KA
kg_0273,x,kaggle_analyst_10,Oh brilliant! Another mandatory subscription tier so we can pay $30 a month to format tables. Pure innovation. #AIRevolution #Sarcasm,en,2026-10-02T20:27:42.724514+00:00,42,15,7,#AIRevolution,"Data science enthusiast, Kaggle contributor #10 tracking social intelligence.",IN-MH
kg_0242,x,kaggle_analyst_16,Bhai crypto tax guidelines kab clarify honge? Anxiety ho rahi hai reporting karte waqt. #CryptoRally #CryptoTax,hinglish,2026-10-02T20:39:23.293677+00:00,118,44,5,#CryptoRally,"Data science enthusiast, Kaggle contributor #16 tracking social intelligence.",IN-KA
kg_0268,x,ai_insider,Deploying quantized models locally on MacBook with zero cloud latency. The developer experience is sublime. #AIRevolution #LocalAI,en,2026-10-02T20:51:12.272016+00:00,1827,560,185,#AIRevolution,Covering cutting edge generative models and research papers. SF & London.,US-CA
kg_0184,x,kaggle_analyst_6,Market green dekh ke dil khush ho gaya dosto! Bull run officially confirmed lag raha hai. #CryptoRally #CryptoIndia,hinglish,2026-10-02T20:57:27.143018+00:00,97,31,14,#CryptoRally,"Data science enthusiast, Kaggle contributor #6 tracking social intelligence.",IN-MH
kg_0148,x,kaggle_analyst_13,Remember to manage leverage carefully. Excessive greed during rallies always triggers painful liquidation wicks. #CryptoRally #RiskManagement,en,2026-10-02T21:06:07.856015+00:00,17,4,3,#CryptoRally,"Data science enthusiast, Kaggle contributor #13 tracking social intelligence.",IN-MH
kg_0251,youtube,kaggle_analyst_11,Critical security patch reverted without notification. Enterprise customers deserve immediate transparency. #BrandCrisis #Security,en,2026-10-02T21:08:22.036628+00:00,13,3,2,#BrandCrisis,"Data science enthusiast, Kaggle contributor #11 tracking social intelligence.",IN-MH
kg_0252,x,kaggle_analyst_12,Bhai crypto tax guidelines kab clarify honge? Anxiety ho rahi hai reporting karte waqt. #CryptoRally #CryptoTax,hinglish,2026-10-02T21:15:39.898481+00:00,51,10,7,#CryptoRally,"Data science enthusiast, Kaggle contributor #12 tracking social intelligence.",UK-ENG
kg_0172,x,kaggle_analyst_31,Open models ensure that researchers in developing countries can innovate without prohibitive cloud compute costs. #AIRevolution #DemocratizeAI,hinglish,2026-10-02T21:29:09.076283+00:00,5,0,1,#AIRevolution,"Data science enthusiast, Kaggle contributor #31 tracking social intelligence.",IN-MH
kg_0137,x,deepmind_fan,Unannounced breaking API changes pushed directly to production. Our payment integration has been failing for 4 hours! #BrandCrisis #Outage,en,2026-10-02T21:48:39.522586+00:00,43,13,4,#BrandCrisis,Reinforcement learning enthusiast & Python developer.,UK-ENG
kg_0183,x,kaggle_analyst_36,Critical security patch reverted without notification. Enterprise customers deserve immediate transparency. #BrandCrisis #Security,en,2026-10-02T21:53:56.749601+00:00,107,23,5,#BrandCrisis,"Data science enthusiast, Kaggle contributor #36 tracking social intelligence.",DE-BE
kg_0178,telegram,kaggle_analyst_27,Circular battery recycling facilities must scale 5x faster to prevent rare metal shortages by 2030. #SustainableTech #CircularEconomy,hinglish,2026-10-02T22:01:54.820212+00:00,21,3,1,#SustainableTech,"Data science enthusiast, Kaggle contributor #27 tracking social intelligence.",DE-BE
kg_0262,x,kaggle_analyst_8,Open models ensure that researchers in developing countries can innovate without prohibitive cloud compute costs. #AIRevolution #DemocratizeAI,en,2026-10-02T22:04:08.659318+00:00,12,2,2,#AIRevolution,"Data science enthusiast, Kaggle contributor #8 tracking social intelligence.",IN-MH
kg_0215,x,kaggle_analyst_31,Bhai har company apna GPT wrapper bana kar billion dollar funding maang rahi hai. Bubble alert! #AIRevolution #VCHype,hinglish,2026-10-02T22:16:40.941726+00:00,58,20,8,#AIRevolution,"Data science enthusiast, Kaggle contributor #31 tracking social intelligence.",IN-MH
kg_0213,x,kaggle_analyst_35,Bitcoin hash rate reached a new all-time high! On-chain liquidity depth is stronger than ever. #CryptoRally #Bitcoin,en,2026-10-02T22:21:17.614635+00:00,48,14,6,#CryptoRally,"Data science enthusiast, Kaggle contributor #35 tracking social intelligence.",IN-DL
kg_0185,x,kaggle_analyst_28,Bhai crypto tax guidelines kab clarify honge? Anxiety ho rahi hai reporting karte waqt. #CryptoRally #CryptoTax,hinglish,2026-10-02T22:22:46.181806+00:00,19,6,1,#CryptoRally,"Data science enthusiast, Kaggle contributor #28 tracking social intelligence.",IN-DL
kg_0156,telegram,kaggle_analyst_38,Bitcoin hash rate reached a new all-time high! On-chain liquidity depth is stronger than ever. #CryptoRally #Bitcoin,en,2026-10-02T22:41:27.142840+00:00,19,6,4,#CryptoRally,"Data science enthusiast, Kaggle contributor #38 tracking social intelligence.",IN-MH
kg_0227,x,kaggle_analyst_1,So heartbroken to see the entire core team fired via automated email after 6 years of dedication. Corporate cruelty at its peak. #BrandCrisis #TechLayoffs,hinglish,2026-10-02T22:48:41.639339+00:00,35,10,7,#BrandCrisis,"Data science enthusiast, Kaggle contributor #1 tracking social intelligence.",IN-MH
kg_0170,x,kaggle_analyst_22,"Corporate carbon offset programs are largely greenwashing theater. We need actual emissions reduction, not accounting tricks. #SustainableTech #ClimateAction",en,2026-10-02T22:57:27.959122+00:00,55,9,11,#SustainableTech,"Data science enthusiast, Kaggle contributor #22 tracking social intelligence.",DE-BE
kg_0222,youtube,kaggle_analyst_13,"Corporate carbon offset programs are largely greenwashing theater. We need actual emissions reduction, not accounting tricks. #SustainableTech #ClimateAction",en,2026-10-02T23:01:47.565084+00:00,36,11,5,#SustainableTech,"Data science enthusiast, Kaggle contributor #13 tracking social intelligence.",IN-MH
kg_0253,reddit,cynical_coder,Layoffs hitting junior developers as AI coding tools spread. We need urgent reskilling pathways. #AIRevolution #Jobs,en,2026-10-02T23:04:58.612075+00:00,23,7,3,#AIRevolution,Software skeptic. Tired of VC buzzwords and SaaS price hikes.,US-WA
kg_0217,x,kaggle_analyst_11,Smart microgrids powered by AI load prediction are keeping hospital systems running during extreme summer heatwaves. #SustainableTech #SmartGrid,en,2026-10-02T23:08:02.271956+00:00,120,45,23,#SustainableTech,"Data science enthusiast, Kaggle contributor #11 tracking social intelligence.",IN-MH
kg_0246,x,kaggle_analyst_24,New open weights model just dropped and it beats closed frontier models on standard coding benchmarks! #AIRevolution #OpenSource,en,2026-10-02T23:17:08.143994+00:00,67,23,14,#AIRevolution,"Data science enthusiast, Kaggle contributor #24 tracking social intelligence.",DE-BE
kg_0232,x,kaggle_analyst_19,Are we moving too fast with autonomous agent deployment? The alignment verification benchmarks are severely lagging. #AIRevolution #Safety,hinglish,2026-10-02T23:17:42.221261+00:00,47,8,9,#AIRevolution,"Data science enthusiast, Kaggle contributor #19 tracking social intelligence.",DE-BE
kg_0248,reddit,kaggle_analyst_5,Grid-scale solar installations just crossed 100GW milestone in Western India. Decentralized power is happening! #SustainableTech #SolarEnergy,hinglish,2026-10-02T23:18:28.363148+00:00,79,11,19,#SustainableTech,"Data science enthusiast, Kaggle contributor #5 tracking social intelligence.",UK-ENG
kg_0135,x,kaggle_analyst_24,Deploying quantized models locally on MacBook with zero cloud latency. The developer experience is sublime. #AIRevolution #LocalAI,en,2026-10-02T23:19:01.684380+00:00,106,26,16,#AIRevolution,"Data science enthusiast, Kaggle contributor #24 tracking social intelligence.",DE-BE
kg_0140,x,kaggle_analyst_31,Yeh naya multi-modal model dekh kar dimaag hil gaya! Code generation quality 10x improve ho gayi hai. #AIRevolution #Tech,hinglish,2026-10-02T23:24:08.748515+00:00,83,21,8,#AIRevolution,"Data science enthusiast, Kaggle contributor #31 tracking social intelligence.",IN-MH
kg_0208,x,kaggle_analyst_8,Yeh naya multi-modal model dekh kar dimaag hil gaya! Code generation quality 10x improve ho gayi hai. #AIRevolution #Tech,hinglish,2026-10-02T23:26:58.370898+00:00,30,6,7,#AIRevolution,"Data science enthusiast, Kaggle contributor #8 tracking social intelligence.",IN-MH
kg_0218,reddit,kaggle_analyst_15,Are we moving too fast with autonomous agent deployment? The alignment verification benchmarks are severely lagging. #AIRevolution #Safety,en,2026-10-02T23:49:05.913958+00:00,38,11,8,#AIRevolution,"Data science enthusiast, Kaggle contributor #15 tracking social intelligence.",UK-ENG
kg_0128,x,vikas_crypto_trader,Bhai crypto tax guidelines kab clarify honge? Anxiety ho rahi hai reporting karte waqt. #CryptoRally #CryptoTax,hinglish,2026-10-02T23:49:59.847633+00:00,84,9,17,#CryptoRally,Crypto on-chain analyst Mumbai. Technical analysis & DeFi.,IN-MH
kg_0236,x,kaggle_analyst_39,Layoffs hitting junior developers as AI coding tools spread. We need urgent reskilling pathways. #AIRevolution #Jobs,hinglish,2026-10-02T23:54:29.773798+00:00,44,5,8,#AIRevolution,"Data science enthusiast, Kaggle contributor #39 tracking social intelligence.",US-CA
kg_0244,x,kaggle_analyst_32,Decentralized lending protocols processed record volume without a single liquidation bad debt event. Impressive resilience! #CryptoRally #DeFi,en,2026-10-03T00:02:05.283080+00:00,40,15,4,#CryptoRally,"Data science enthusiast, Kaggle contributor #32 tracking social intelligence.",IN-MH
kg_0198,reddit,kaggle_analyst_29,Layoffs hitting junior developers as AI coding tools spread. We need urgent reskilling pathways. #AIRevolution #Jobs,en,2026-10-03T00:03:01.384347+00:00,105,14,23,#AIRevolution,"Data science enthusiast, Kaggle contributor #29 tracking social intelligence.",IN-DL
kg_0147,reddit,vikas_crypto_trader,Smart microgrids powered by AI load prediction are keeping hospital systems running during extreme summer heatwaves. #SustainableTech #SmartGrid,hinglish,2026-10-03T00:06:24.559575+00:00,25,8,1,#SustainableTech,Crypto on-chain analyst Mumbai. Technical analysis & DeFi.,IN-MH
kg_0197,telegram,kaggle_analyst_23,Congratulations to venture funds on dumping their unlocked allocations right into retail liquidity. Classic. #CryptoRally #Sarcasm,en,2026-10-03T00:23:21.588991+00:00,42,6,6,#CryptoRally,"Data science enthusiast, Kaggle contributor #23 tracking social intelligence.",UK-ENG
kg_0201,youtube,kaggle_analyst_34,Smart microgrids powered by AI load prediction are keeping hospital systems running during extreme summer heatwaves. #SustainableTech #SmartGrid,en,2026-10-03T00:24:11.881396+00:00,66,21,11,#SustainableTech,"Data science enthusiast, Kaggle contributor #34 tracking social intelligence.",US-CA
kg_0255,x,desimeme_analyst,Masterclass in public relations: Blaming developers for your undocumented server-side breaking change. Bravo CloudCorp! #BrandCrisis #Sarcasm,hinglish,2026-10-03T00:25:35.715781+00:00,16,3,1,#BrandCrisis,Tech commentator. Sarcasm is the highest form of intelligence.,IN-MH
kg_0220,x,kaggle_analyst_9,Bitcoin hash rate reached a new all-time high! On-chain liquidity depth is stronger than ever. #CryptoRally #Bitcoin,en,2026-10-03T00:25:40.252659+00:00,99,38,24,#CryptoRally,"Data science enthusiast, Kaggle contributor #9 tracking social intelligence.",IN-MH
kg_0146,x,kaggle_analyst_35,"Corporate carbon offset programs are largely greenwashing theater. We need actual emissions reduction, not accounting tricks. #SustainableTech #ClimateAction",en,2026-10-03T00:35:14.025861+00:00,59,16,3,#SustainableTech,"Data science enthusiast, Kaggle contributor #35 tracking social intelligence.",IN-DL
kg_0230,x,kaggle_analyst_37,"Breakthrough solid-state battery chemistry shows 95% retention after 1,000 thermal shock cycles. Game changer for EVs! #SustainableTech #CleanTech",en,2026-10-03T00:38:48.212686+00:00,5,0,0,#SustainableTech,"Data science enthusiast, Kaggle contributor #37 tracking social intelligence.",IN-KA
kg_0177,x,cynical_coder,Oh brilliant! Another mandatory subscription tier so we can pay $30 a month to format tables. Pure innovation. #AIRevolution #Sarcasm,en,2026-10-03T00:38:52.565388+00:00,66,17,7,#AIRevolution,Software skeptic. Tired of VC buzzwords and SaaS price hikes.,US-WA
kg_0204,reddit,kaggle_analyst_32,Layoffs hitting junior developers as AI coding tools spread. We need urgent reskilling pathways. #AIRevolution #Jobs,en,2026-10-03T00:45:31.369572+00:00,53,13,9,#AIRevolution,"Data science enthusiast, Kaggle contributor #32 tracking social intelligence.",IN-MH
kg_0275,x,kaggle_analyst_6,Smart microgrids powered by AI load prediction are keeping hospital systems running during extreme summer heatwaves. #SustainableTech #SmartGrid,en,2026-10-03T00:46:18.330566+00:00,27,9,4,#SustainableTech,"Data science enthusiast, Kaggle contributor #6 tracking social intelligence.",IN-MH
kg_0219,x,satoshi_believer,So heartbroken to see the entire core team fired via automated email after 6 years of dedication. Corporate cruelty at its peak. #BrandCrisis #TechLayoffs,en,2026-10-03T00:46:33.513854+00:00,86,32,15,#BrandCrisis,Bitcoin max & decentralized finance advocate. Zurich.,CH-ZH
kg_0195,telegram,kaggle_analyst_6,Remember to manage leverage carefully. Excessive greed during rallies always triggers painful liquidation wicks. #CryptoRally #RiskManagement,en,2026-10-03T00:51:32.738916+00:00,75,7,5,#CryptoRally,"Data science enthusiast, Kaggle contributor #6 tracking social intelligence.",IN-MH
kg_0174,telegram,kaggle_analyst_32,Are we moving too fast with autonomous agent deployment? The alignment verification benchmarks are severely lagging. #AIRevolution #Safety,en,2026-10-03T01:13:51.877940+00:00,106,28,21,#AIRevolution,"Data science enthusiast, Kaggle contributor #32 tracking social intelligence.",IN-MH
kg_0127,telegram,kaggle_analyst_8,Layoffs hitting junior developers as AI coding tools spread. We need urgent reskilling pathways. #AIRevolution #Jobs,en,2026-10-03T01:15:17.147188+00:00,44,15,9,#AIRevolution,"Data science enthusiast, Kaggle contributor #8 tracking social intelligence.",IN-MH
kg_0229,telegram,desimeme_analyst,Remember to manage leverage carefully. Excessive greed during rallies always triggers painful liquidation wicks. #CryptoRally #RiskManagement,hinglish,2026-10-03T01:27:21.294368+00:00,15,3,2,#CryptoRally,Tech commentator. Sarcasm is the highest form of intelligence.,IN-MH
kg_0162,reddit,kaggle_analyst_4,Remember to manage leverage carefully. Excessive greed during rallies always triggers painful liquidation wicks. #CryptoRally #RiskManagement,en,2026-10-03T01:34:04.843311+00:00,57,15,14,#CryptoRally,"Data science enthusiast, Kaggle contributor #4 tracking social intelligence.",IN-KA
kg_0157,youtube,kaggle_analyst_4,Deploying quantized models locally on MacBook with zero cloud latency. The developer experience is sublime. #AIRevolution #LocalAI,en,2026-10-03T01:44:32.414892+00:00,19,5,3,#AIRevolution,"Data science enthusiast, Kaggle contributor #4 tracking social intelligence.",IN-KA
kg_0240,x,solar_ananya,Decentralized lending protocols processed record volume without a single liquidation bad debt event. Impressive resilience! #CryptoRally #DeFi,hinglish,2026-10-03T01:47:49.090855+00:00,26,9,2,#CryptoRally,CleanTech consultant Delhi. Solar rooftop & decarbonization.,IN-DL
kg_0247,x,kaggle_analyst_26,Layoffs hitting junior developers as AI coding tools spread. We need urgent reskilling pathways. #AIRevolution #Jobs,hinglish,2026-10-03T01:48:22.180444+00:00,17,6,1,#AIRevolution,"Data science enthusiast, Kaggle contributor #26 tracking social intelligence.",IN-DL
kg_0271,x,kaggle_analyst_29,Grid-scale solar installations just crossed 100GW milestone in Western India. Decentralized power is happening! #SustainableTech #SolarEnergy,hinglish,2026-10-03T01:59:28.468224+00:00,85,26,7,#SustainableTech,"Data science enthusiast, Kaggle contributor #29 tracking social intelligence.",IN-DL
kg_0203,youtube,kaggle_analyst_8,Smart microgrids powered by AI load prediction are keeping hospital systems running during extreme summer heatwaves. #SustainableTech #SmartGrid,en,2026-10-03T02:17:22.817198+00:00,71,25,14,#SustainableTech,"Data science enthusiast, Kaggle contributor #8 tracking social intelligence.",IN-MH
kg_0259,x,kaggle_analyst_14,"Breakthrough solid-state battery chemistry shows 95% retention after 1,000 thermal shock cycles. Game changer for EVs! #SustainableTech #CleanTech",en,2026-10-03T02:39:04.146003+00:00,27,3,5,#SustainableTech,"Data science enthusiast, Kaggle contributor #14 tracking social intelligence.",IN-KA
kg_0129,x,kaggle_analyst_29,Smart microgrids powered by AI load prediction are keeping hospital systems running during extreme summer heatwaves. #SustainableTech #SmartGrid,en,2026-10-03T02:43:49.743179+00:00,24,6,3,#SustainableTech,"Data science enthusiast, Kaggle contributor #29 tracking social intelligence.",IN-DL
kg_0205,telegram,kaggle_analyst_4,Layoffs hitting junior developers as AI coding tools spread. We need urgent reskilling pathways. #AIRevolution #Jobs,en,2026-10-03T02:46:25.510441+00:00,88,17,12,#AIRevolution,"Data science enthusiast, Kaggle contributor #4 tracking social intelligence.",IN-KA
kg_0239,x,kaggle_analyst_33,"Kya bakwas cloud provider hai, customer support bot bus automated loop me ghuma raha hai! Total disaster. #BrandCrisis #Downtime",hinglish,2026-10-03T02:51:31.019247+00:00,120,14,16,#BrandCrisis,"Data science enthusiast, Kaggle contributor #33 tracking social intelligence.",DE-BE
kg_0274,reddit,kaggle_analyst_22,Remember to manage leverage carefully. Excessive greed during rallies always triggers painful liquidation wicks. #CryptoRally #RiskManagement,en,2026-10-03T02:57:25.451167+00:00,112,28,7,#CryptoRally,"Data science enthusiast, Kaggle contributor #22 tracking social intelligence.",DE-BE
kg_0133,x,kaggle_analyst_11,New open weights model just dropped and it beats closed frontier models on standard coding benchmarks! #AIRevolution #OpenSource,en,2026-10-03T03:03:11.229741+00:00,103,38,19,#AIRevolution,"Data science enthusiast, Kaggle contributor #11 tracking social intelligence.",IN-MH
kg_0142,telegram,kaggle_analyst_17,Smart microgrids powered by AI load prediction are keeping hospital systems running during extreme summer heatwaves. #SustainableTech #SmartGrid,en,2026-10-03T03:29:56.651875+00:00,20,2,1,#SustainableTech,"Data science enthusiast, Kaggle contributor #17 tracking social intelligence.",IN-MH
kg_0149,reddit,kaggle_analyst_37,Bhai crypto tax guidelines kab clarify honge? Anxiety ho rahi hai reporting karte waqt. #CryptoRally #CryptoTax,hinglish,2026-10-03T03:49:54.713178+00:00,111,21,27,#CryptoRally,"Data science enthusiast, Kaggle contributor #37 tracking social intelligence.",IN-KA
kg_0261,x,kaggle_analyst_20,Deploying quantized models locally on MacBook with zero cloud latency. The developer experience is sublime. #AIRevolution #LocalAI,en,2026-10-03T03:56:18.260583+00:00,4,0,0,#AIRevolution,"Data science enthusiast, Kaggle contributor #20 tracking social intelligence.",IN-DL
kg_0223,reddit,kaggle_analyst_12,Critical security patch reverted without notification. Enterprise customers deserve immediate transparency. #BrandCrisis #Security,en,2026-10-03T04:01:31.795261+00:00,22,2,1,#BrandCrisis,"Data science enthusiast, Kaggle contributor #12 tracking social intelligence.",UK-ENG
kg_0238,x,kaggle_analyst_39,Layoffs hitting junior developers as AI coding tools spread. We need urgent reskilling pathways. #AIRevolution #Jobs,hinglish,2026-10-03T04:06:41.815300+00:00,68,7,11,#AIRevolution,"Data science enthusiast, Kaggle contributor #39 tracking social intelligence.",US-CA
kg_0193,reddit,kaggle_analyst_3,Congratulations to venture funds on dumping their unlocked allocations right into retail liquidity. Classic. #CryptoRally #Sarcasm,hinglish,2026-10-03T04:20:31.349361+00:00,93,22,22,#CryptoRally,"Data science enthusiast, Kaggle contributor #3 tracking social intelligence.",UK-ENG
kg_0124,youtube,kaggle_analyst_23,Bhai har company apna GPT wrapper bana kar billion dollar funding maang rahi hai. Bubble alert! #AIRevolution #VCHype,hinglish,2026-10-03T04:22:47.383702+00:00,14,1,1,#AIRevolution,"Data science enthusiast, Kaggle contributor #23 tracking social intelligence.",UK-ENG
kg_0190,x,kaggle_analyst_34,Circular battery recycling facilities must scale 5x faster to prevent rare metal shortages by 2030. #SustainableTech #CircularEconomy,en,2026-10-03T04:27:48.934894+00:00,109,15,17,#SustainableTech,"Data science enthusiast, Kaggle contributor #34 tracking social intelligence.",US-CA
kg_0257,reddit,kaggle_analyst_26,Deploying quantized models locally on MacBook with zero cloud latency. The developer experience is sublime. #AIRevolution #LocalAI,hinglish,2026-10-03T04:31:57.831869+00:00,114,11,27,#AIRevolution,"Data science enthusiast, Kaggle contributor #26 tracking social intelligence.",IN-DL
kg_0279,reddit,desimeme_analyst,Critical security patch reverted without notification. Enterprise customers deserve immediate transparency. #BrandCrisis #Security,hinglish,2026-10-03T04:38:54.557136+00:00,46,8,3,#BrandCrisis,Tech commentator. Sarcasm is the highest form of intelligence.,IN-MH
kg_0237,x,solar_ananya,Decentralized lending protocols processed record volume without a single liquidation bad debt event. Impressive resilience! #CryptoRally #DeFi,hinglish,2026-10-03T04:41:25.345251+00:00,102,29,23,#CryptoRally,CleanTech consultant Delhi. Solar rooftop & decarbonization.,IN-DL
kg_0267,reddit,deepmind_fan,Deploying quantized models locally on MacBook with zero cloud latency. The developer experience is sublime. #AIRevolution #LocalAI,en,2026-10-03T04:44:12.004949+00:00,120,29,19,#AIRevolution,Reinforcement learning enthusiast & Python developer.,UK-ENG
kg_0167,x,green_future_now,So heartbroken to see the entire core team fired via automated email after 6 years of dedication. Corporate cruelty at its peak. #BrandCrisis #TechLayoffs,en,2026-10-03T04:51:51.742717+00:00,68,20,14,#BrandCrisis,Renewable energy policy researcher based in Berlin.,DE-BE
kg_0131,reddit,kaggle_analyst_34,Unannounced breaking API changes pushed directly to production. Our payment integration has been failing for 4 hours! #BrandCrisis #Outage,en,2026-10-03T04:53:57.203116+00:00,64,9,12,#BrandCrisis,"Data science enthusiast, Kaggle contributor #34 tracking social intelligence.",US-CA
kg_0270,x,kaggle_analyst_25,New open weights model just dropped and it beats closed frontier models on standard coding benchmarks! #AIRevolution #OpenSource,en,2026-10-03T04:56:33.744330+00:00,111,21,8,#AIRevolution,"Data science enthusiast, Kaggle contributor #25 tracking social intelligence.",US-CA
kg_0291,reddit,priya_ai_ml,Circular battery recycling facilities must scale 5x faster to prevent rare metal shortages by 2030. #SustainableTech #CircularEconomy,hinglish,2026-10-03T10:07:07.811353+00:00,97,31,7,#SustainableTech,ML engineer Bengaluru. NLP and code-mixed conversational systems.,IN-KA
kg_0335,x,kaggle_analyst_39,Critical security patch reverted without notification. Enterprise customers deserve immediate transparency. #BrandCrisis #Security,hinglish,2026-10-03T10:10:28.819126+00:00,83,12,10,#BrandCrisis,"Data science enthusiast, Kaggle contributor #39 tracking social intelligence.",US-CA
kg_0300,x,kaggle_analyst_7,So heartbroken to see the entire core team fired via automated email after 6 years of dedication. Corporate cruelty at its peak. #BrandCrisis #TechLayoffs,hinglish,2026-10-03T10:50:52.881096+00:00,19,4,0,#BrandCrisis,"Data science enthusiast, Kaggle contributor #7 tracking social intelligence.",IN-DL
kg_0281,x,kaggle_analyst_30,Bitcoin hash rate reached a new all-time high! On-chain liquidity depth is stronger than ever. #CryptoRally #Bitcoin,en,2026-10-03T10:55:57.347430+00:00,101,37,22,#CryptoRally,"Data science enthusiast, Kaggle contributor #30 tracking social intelligence.",IN-KA
kg_0361,reddit,kaggle_analyst_29,Layoffs hitting junior developers as AI coding tools spread. We need urgent reskilling pathways. #AIRevolution #Jobs,en,2026-10-03T11:01:02.084225+00:00,11,3,2,#AIRevolution,"Data science enthusiast, Kaggle contributor #29 tracking social intelligence.",IN-DL
kg_0325,x,kaggle_analyst_10,Oh brilliant! Another mandatory subscription tier so we can pay $30 a month to format tables. Pure innovation. #AIRevolution #Sarcasm,en,2026-10-03T11:15:33.709382+00:00,19,6,1,#AIRevolution,"Data science enthusiast, Kaggle contributor #10 tracking social intelligence.",IN-MH
kg_0302,x,kaggle_analyst_6,Grid-scale solar installations just crossed 100GW milestone in Western India. Decentralized power is happening! #SustainableTech #SolarEnergy,hinglish,2026-10-03T11:21:48.191034+00:00,109,23,17,#SustainableTech,"Data science enthusiast, Kaggle contributor #6 tracking social intelligence.",IN-MH
kg_0324,x,kaggle_analyst_4,Unannounced breaking API changes pushed directly to production. Our payment integration has been failing for 4 hours! #BrandCrisis #Outage,en,2026-10-03T11:28:34.285574+00:00,9,1,0,#BrandCrisis,"Data science enthusiast, Kaggle contributor #4 tracking social intelligence.",IN-KA
kg_0323,x,kaggle_analyst_19,Market green dekh ke dil khush ho gaya dosto! Bull run officially confirmed lag raha hai. #CryptoRally #CryptoIndia,hinglish,2026-10-03T11:35:03.602793+00:00,108,14,17,#CryptoRally,"Data science enthusiast, Kaggle contributor #19 tracking social intelligence.",DE-BE
kg_0408,x,cynical_coder,Market green dekh ke dil khush ho gaya dosto! Bull run officially confirmed lag raha hai. #CryptoRally #CryptoIndia,hinglish,2026-10-03T11:40:35.503396+00:00,104,37,9,#CryptoRally,Software skeptic. Tired of VC buzzwords and SaaS price hikes.,US-WA
kg_0333,telegram,desimeme_analyst,Bhai crypto tax guidelines kab clarify honge? Anxiety ho rahi hai reporting karte waqt. #CryptoRally #CryptoTax,hinglish,2026-10-03T11:49:09.503226+00:00,15,2,1,#CryptoRally,Tech commentator. Sarcasm is the highest form of intelligence.,IN-MH
kg_0290,telegram,kaggle_analyst_28,Decentralized lending protocols processed record volume without a single liquidation bad debt event. Impressive resilience! #CryptoRally #DeFi,en,2026-10-03T11:49:40.128146+00:00,75,15,12,#CryptoRally,"Data science enthusiast, Kaggle contributor #28 tracking social intelligence.",IN-DL
kg_0404,telegram,kaggle_analyst_18,Open models ensure that researchers in developing countries can innovate without prohibitive cloud compute costs. #AIRevolution #DemocratizeAI,en,2026-10-03T12:06:23.241964+00:00,92,13,20,#AIRevolution,"Data science enthusiast, Kaggle contributor #18 tracking social intelligence.",IN-DL
kg_0293,x,kaggle_analyst_7,Open models ensure that researchers in developing countries can innovate without prohibitive cloud compute costs. #AIRevolution #DemocratizeAI,hinglish,2026-10-03T12:12:29.836365+00:00,84,32,7,#AIRevolution,"Data science enthusiast, Kaggle contributor #7 tracking social intelligence.",IN-DL
kg_0283,youtube,kaggle_analyst_19,Open models ensure that researchers in developing countries can innovate without prohibitive cloud compute costs. #AIRevolution #DemocratizeAI,hinglish,2026-10-03T12:15:14.145896+00:00,20,7,3,#AIRevolution,"Data science enthusiast, Kaggle contributor #19 tracking social intelligence.",DE-BE
kg_0384,x,desimeme_analyst,"Breakthrough solid-state battery chemistry shows 95% retention after 1,000 thermal shock cycles. Game changer for EVs! #SustainableTech #CleanTech",hinglish,2026-10-03T12:15:26.383322+00:00,111,43,12,#SustainableTech,Tech commentator. Sarcasm is the highest form of intelligence.,IN-MH
kg_0385,telegram,priya_ai_ml,New open weights model just dropped and it beats closed frontier models on standard coding benchmarks! #AIRevolution #OpenSource,hinglish,2026-10-03T12:26:23.742743+00:00,46,15,7,#AIRevolution,ML engineer Bengaluru. NLP and code-mixed conversational systems.,IN-KA
kg_0364,x,kaggle_analyst_9,Yeh naya multi-modal model dekh kar dimaag hil gaya! Code generation quality 10x improve ho gayi hai. #AIRevolution #Tech,hinglish,2026-10-03T12:32:17.719903+00:00,70,15,9,#AIRevolution,"Data science enthusiast, Kaggle contributor #9 tracking social intelligence.",IN-MH
kg_0386,x,kaggle_analyst_38,Bitcoin hash rate reached a new all-time high! On-chain liquidity depth is stronger than ever. #CryptoRally #Bitcoin,en,2026-10-03T12:33:32.150202+00:00,118,20,11,#CryptoRally,"Data science enthusiast, Kaggle contributor #38 tracking social intelligence.",IN-MH
kg_0403,x,kaggle_analyst_12,"Kya bakwas cloud provider hai, customer support bot bus automated loop me ghuma raha hai! Total disaster. #BrandCrisis #Downtime",hinglish,2026-10-03T12:46:23.583226+00:00,64,24,15,#BrandCrisis,"Data science enthusiast, Kaggle contributor #12 tracking social intelligence.",UK-ENG
kg_0383,x,kaggle_analyst_16,Yeh naya multi-modal model dekh kar dimaag hil gaya! Code generation quality 10x improve ho gayi hai. #AIRevolution #Tech,hinglish,2026-10-03T13:21:07.041842+00:00,50,17,5,#AIRevolution,"Data science enthusiast, Kaggle contributor #16 tracking social intelligence.",IN-KA
kg_0414,x,kaggle_analyst_7,Unannounced breaking API changes pushed directly to production. Our payment integration has been failing for 4 hours! #BrandCrisis #Outage,hinglish,2026-10-03T13:22:01.858263+00:00,52,20,9,#BrandCrisis,"Data science enthusiast, Kaggle contributor #7 tracking social intelligence.",IN-DL
kg_0410,x,deepmind_fan,Bitcoin hash rate reached a new all-time high! On-chain liquidity depth is stronger than ever. #CryptoRally #Bitcoin,en,2026-10-03T13:27:16.869810+00:00,69,12,16,#CryptoRally,Reinforcement learning enthusiast & Python developer.,UK-ENG
kg_0416,x,kaggle_analyst_10,Deploying quantized models locally on MacBook with zero cloud latency. The developer experience is sublime. #AIRevolution #LocalAI,en,2026-10-03T13:38:24.471029+00:00,26,5,5,#AIRevolution,"Data science enthusiast, Kaggle contributor #10 tracking social intelligence.",IN-MH
kg_0397,x,kaggle_analyst_37,Unannounced breaking API changes pushed directly to production. Our payment integration has been failing for 4 hours! #BrandCrisis #Outage,en,2026-10-03T13:49:40.029342+00:00,26,8,3,#BrandCrisis,"Data science enthusiast, Kaggle contributor #37 tracking social intelligence.",IN-KA
kg_0298,youtube,kaggle_analyst_37,"Breakthrough solid-state battery chemistry shows 95% retention after 1,000 thermal shock cycles. Game changer for EVs! #SustainableTech #CleanTech",en,2026-10-03T13:53:09.266980+00:00,38,7,5,#SustainableTech,"Data science enthusiast, Kaggle contributor #37 tracking social intelligence.",IN-KA
kg_0319,x,kaggle_analyst_6,"Kya bakwas cloud provider hai, customer support bot bus automated loop me ghuma raha hai! Total disaster. #BrandCrisis #Downtime",hinglish,2026-10-03T13:56:03.884930+00:00,103,33,6,#BrandCrisis,"Data science enthusiast, Kaggle contributor #6 tracking social intelligence.",IN-MH
kg_0398,x,kaggle_analyst_18,Are we moving too fast with autonomous agent deployment? The alignment verification benchmarks are severely lagging. #AIRevolution #Safety,en,2026-10-03T14:04:06.511057+00:00,81,16,10,#AIRevolution,"Data science enthusiast, Kaggle contributor #18 tracking social intelligence.",IN-DL
kg_0310,x,kaggle_analyst_16,Deploying quantized models locally on MacBook with zero cloud latency. The developer experience is sublime. #AIRevolution #LocalAI,hinglish,2026-10-03T14:14:06.701731+00:00,114,34,16,#AIRevolution,"Data science enthusiast, Kaggle contributor #16 tracking social intelligence.",IN-KA
kg_0353,youtube,desimeme_analyst,Layoffs hitting junior developers as AI coding tools spread. We need urgent reskilling pathways. #AIRevolution #Jobs,hinglish,2026-10-03T14:48:18.076078+00:00,22,6,2,#AIRevolution,Tech commentator. Sarcasm is the highest form of intelligence.,IN-MH
kg_0296,reddit,kaggle_analyst_29,Yeh naya multi-modal model dekh kar dimaag hil gaya! Code generation quality 10x improve ho gayi hai. #AIRevolution #Tech,hinglish,2026-10-03T15:03:58.813193+00:00,3,0,0,#AIRevolution,"Data science enthusiast, Kaggle contributor #29 tracking social intelligence.",IN-DL
kg_0407,x,deepmind_fan,Yeh naya multi-modal model dekh kar dimaag hil gaya! Code generation quality 10x improve ho gayi hai. #AIRevolution #Tech,hinglish,2026-10-03T15:09:48.639537+00:00,59,6,11,#AIRevolution,Reinforcement learning enthusiast & Python developer.,UK-ENG
kg_0282,reddit,satoshi_believer,Smart microgrids powered by AI load prediction are keeping hospital systems running during extreme summer heatwaves. #SustainableTech #SmartGrid,en,2026-10-03T15:34:26.476340+00:00,13,2,2,#SustainableTech,Bitcoin max & decentralized finance advocate. Zurich.,CH-ZH
kg_0392,x,kaggle_analyst_18,Bhai har company apna GPT wrapper bana kar billion dollar funding maang rahi hai. Bubble alert! #AIRevolution #VCHype,hinglish,2026-10-03T15:36:37.901074+00:00,52,6,5,#AIRevolution,"Data science enthusiast, Kaggle contributor #18 tracking social intelligence.",IN-DL
kg_0352,x,kaggle_analyst_37,Market green dekh ke dil khush ho gaya dosto! Bull run officially confirmed lag raha hai. #CryptoRally #CryptoIndia,hinglish,2026-10-03T15:41:06.406774+00:00,101,35,21,#CryptoRally,"Data science enthusiast, Kaggle contributor #37 tracking social intelligence.",IN-KA
kg_0339,youtube,kaggle_analyst_38,Grid-scale solar installations just crossed 100GW milestone in Western India. Decentralized power is happening! #SustainableTech #SolarEnergy,hinglish,2026-10-03T15:43:58.282393+00:00,63,17,4,#SustainableTech,"Data science enthusiast, Kaggle contributor #38 tracking social intelligence.",IN-MH
kg_0285,x,rohit_sharma_dev,"Breakthrough solid-state battery chemistry shows 95% retention after 1,000 thermal shock cycles. Game changer for EVs! #SustainableTech #CleanTech",hinglish,2026-10-03T15:58:18.092740+00:00,3319,695,304,#SustainableTech,"Senior Cloud Developer from Pune. Docker, Kubernetes, Chai.",IN-MH
kg_0387,x,vikas_crypto_trader,Grid-scale solar installations just crossed 100GW milestone in Western India. Decentralized power is happening! #SustainableTech #SolarEnergy,hinglish,2026-10-03T15:59:06.015318+00:00,54,9,8,#SustainableTech,Crypto on-chain analyst Mumbai. Technical analysis & DeFi.,IN-MH
kg_0382,x,kaggle_analyst_16,Remember to manage leverage carefully. Excessive greed during rallies always triggers painful liquidation wicks. #CryptoRally #RiskManagement,hinglish,2026-10-03T16:03:34.330294+00:00,77,17,15,#CryptoRally,"Data science enthusiast, Kaggle contributor #16 tracking social intelligence.",IN-KA
kg_0301,telegram,kaggle_analyst_34,Are we moving too fast with autonomous agent deployment? The alignment verification benchmarks are severely lagging. #AIRevolution #Safety,en,2026-10-03T16:11:10.977294+00:00,87,31,9,#AIRevolution,"Data science enthusiast, Kaggle contributor #34 tracking social intelligence.",US-CA
kg_0334,reddit,kaggle_analyst_21,Market green dekh ke dil khush ho gaya dosto! Bull run officially confirmed lag raha hai. #CryptoRally #CryptoIndia,hinglish,2026-10-03T16:29:06.431844+00:00,63,9,11,#CryptoRally,"Data science enthusiast, Kaggle contributor #21 tracking social intelligence.",IN-KA
kg_0401,x,kaggle_analyst_38,Critical security patch reverted without notification. Enterprise customers deserve immediate transparency. #BrandCrisis #Security,en,2026-10-03T16:39:27.836036+00:00,74,11,6,#BrandCrisis,"Data science enthusiast, Kaggle contributor #38 tracking social intelligence.",IN-MH
kg_0340,reddit,kaggle_analyst_8,Bhai har company apna GPT wrapper bana kar billion dollar funding maang rahi hai. Bubble alert! #AIRevolution #VCHype,hinglish,2026-10-03T16:51:23.292599+00:00,117,38,15,#AIRevolution,"Data science enthusiast, Kaggle contributor #8 tracking social intelligence.",IN-MH
kg_0349,x,kaggle_analyst_32,Smart microgrids powered by AI load prediction are keeping hospital systems running during extreme summer heatwaves. #SustainableTech #SmartGrid,en,2026-10-03T16:54:29.569102+00:00,35,11,6,#SustainableTech,"Data science enthusiast, Kaggle contributor #32 tracking social intelligence.",IN-MH
kg_0332,x,ev_battery_geek,Unannounced breaking API changes pushed directly to production. Our payment integration has been failing for 4 hours! #BrandCrisis #Outage,en,2026-10-03T16:58:57.163114+00:00,14,3,1,#BrandCrisis,Solid state batteries & electric vehicle powertrain engineering.,DE-BE
kg_0315,x,ai_insider,Layoffs hitting junior developers as AI coding tools spread. We need urgent reskilling pathways. #AIRevolution #Jobs,en,2026-10-03T16:59:36.304010+00:00,1995,638,479,#AIRevolution,Covering cutting edge generative models and research papers. SF & London.,US-CA
kg_0375,x,vikas_crypto_trader,Smart microgrids powered by AI load prediction are keeping hospital systems running during extreme summer heatwaves. #SustainableTech #SmartGrid,hinglish,2026-10-03T17:04:01.490256+00:00,22,3,5,#SustainableTech,Crypto on-chain analyst Mumbai. Technical analysis & DeFi.,IN-MH
kg_0406,youtube,kaggle_analyst_22,Market green dekh ke dil khush ho gaya dosto! Bull run officially confirmed lag raha hai. #CryptoRally #CryptoIndia,hinglish,2026-10-03T17:20:35.955678+00:00,98,26,11,#CryptoRally,"Data science enthusiast, Kaggle contributor #22 tracking social intelligence.",DE-BE
kg_0345,x,quantum_leap_x,Oh brilliant! Another mandatory subscription tier so we can pay $30 a month to format tables. Pure innovation. #AIRevolution #Sarcasm,en,2026-10-03T17:23:06.978088+00:00,59,11,10,#AIRevolution,Physics PhD & Quantum computing algorithms researcher.,US-CA
kg_0326,telegram,kaggle_analyst_30,Bhai har company apna GPT wrapper bana kar billion dollar funding maang rahi hai. Bubble alert! #AIRevolution #VCHype,hinglish,2026-10-03T17:46:08.492840+00:00,44,6,2,#AIRevolution,"Data science enthusiast, Kaggle contributor #30 tracking social intelligence.",IN-KA
kg_0350,reddit,deepmind_fan,Open models ensure that researchers in developing countries can innovate without prohibitive cloud compute costs. #AIRevolution #DemocratizeAI,en,2026-10-03T17:47:56.242082+00:00,101,11,22,#AIRevolution,Reinforcement learning enthusiast & Python developer.,UK-ENG
kg_0307,reddit,kaggle_analyst_31,Bhai har company apna GPT wrapper bana kar billion dollar funding maang rahi hai. Bubble alert! #AIRevolution #VCHype,hinglish,2026-10-03T18:01:27.294574+00:00,40,15,8,#AIRevolution,"Data science enthusiast, Kaggle contributor #31 tracking social intelligence.",IN-MH
kg_0313,x,deepmind_fan,Are we moving too fast with autonomous agent deployment? The alignment verification benchmarks are severely lagging. #AIRevolution #Safety,en,2026-10-03T18:06:18.220106+00:00,89,23,10,#AIRevolution,Reinforcement learning enthusiast & Python developer.,UK-ENG
kg_0419,x,kaggle_analyst_37,Deploying quantized models locally on MacBook with zero cloud latency. The developer experience is sublime. #AIRevolution #LocalAI,en,2026-10-03T18:15:23.646942+00:00,53,17,4,#AIRevolution,"Data science enthusiast, Kaggle contributor #37 tracking social intelligence.",IN-KA
kg_0306,reddit,vikas_crypto_trader,Congratulations to venture funds on dumping their unlocked allocations right into retail liquidity. Classic. #CryptoRally #Sarcasm,hinglish,2026-10-03T18:17:31.252179+00:00,114,45,12,#CryptoRally,Crypto on-chain analyst Mumbai. Technical analysis & DeFi.,IN-MH
kg_0367,x,deepmind_fan,Smart microgrids powered by AI load prediction are keeping hospital systems running during extreme summer heatwaves. #SustainableTech #SmartGrid,en,2026-10-03T18:26:17.212080+00:00,99,23,10,#SustainableTech,Reinforcement learning enthusiast & Python developer.,UK-ENG
kg_0380,youtube,rohit_sharma_dev,Grid-scale solar installations just crossed 100GW milestone in Western India. Decentralized power is happening! #SustainableTech #SolarEnergy,hinglish,2026-10-03T18:46:00.547184+00:00,2485,681,158,#SustainableTech,"Senior Cloud Developer from Pune. Docker, Kubernetes, Chai.",IN-MH
kg_0312,x,kaggle_analyst_20,So heartbroken to see the entire core team fired via automated email after 6 years of dedication. Corporate cruelty at its peak. #BrandCrisis #TechLayoffs,en,2026-10-03T18:47:08.222761+00:00,107,19,6,#BrandCrisis,"Data science enthusiast, Kaggle contributor #20 tracking social intelligence.",IN-DL
kg_0311,x,kaggle_analyst_8,"Kya bakwas cloud provider hai, customer support bot bus automated loop me ghuma raha hai! Total disaster. #BrandCrisis #Downtime",hinglish,2026-10-03T19:04:16.044814+00:00,106,33,16,#BrandCrisis,"Data science enthusiast, Kaggle contributor #8 tracking social intelligence.",IN-MH
kg_0309,x,kaggle_analyst_18,Deploying quantized models locally on MacBook with zero cloud latency. The developer experience is sublime. #AIRevolution #LocalAI,en,2026-10-03T19:06:00.123461+00:00,87,10,8,#AIRevolution,"Data science enthusiast, Kaggle contributor #18 tracking social intelligence.",IN-DL
kg_0399,reddit,cynical_coder,Deploying quantized models locally on MacBook with zero cloud latency. The developer experience is sublime. #AIRevolution #LocalAI,en,2026-10-03T19:09:24.747563+00:00,73,7,15,#AIRevolution,Software skeptic. Tired of VC buzzwords and SaaS price hikes.,US-WA
kg_0376,x,kaggle_analyst_25,Bhai crypto tax guidelines kab clarify honge? Anxiety ho rahi hai reporting karte waqt. #CryptoRally #CryptoTax,hinglish,2026-10-03T19:20:51.606590+00:00,7,2,1,#CryptoRally,"Data science enthusiast, Kaggle contributor #25 tracking social intelligence.",US-CA
kg_0418,reddit,kaggle_analyst_9,Bhai crypto tax guidelines kab clarify honge? Anxiety ho rahi hai reporting karte waqt. #CryptoRally #CryptoTax,hinglish,2026-10-03T19:31:37.759713+00:00,69,8,12,#CryptoRally,"Data science enthusiast, Kaggle contributor #9 tracking social intelligence.",IN-MH
kg_0348,youtube,kaggle_analyst_13,Congratulations to venture funds on dumping their unlocked allocations right into retail liquidity. Classic. #CryptoRally #Sarcasm,en,2026-10-03T19:40:51.132955+00:00,100,38,11,#CryptoRally,"Data science enthusiast, Kaggle contributor #13 tracking social intelligence.",IN-MH
kg_0395,x,kaggle_analyst_29,"Breakthrough solid-state battery chemistry shows 95% retention after 1,000 thermal shock cycles. Game changer for EVs! #SustainableTech #CleanTech",en,2026-10-03T19:55:16.811589+00:00,7,0,0,#SustainableTech,"Data science enthusiast, Kaggle contributor #29 tracking social intelligence.",IN-DL
kg_0354,x,solar_ananya,Bhai crypto tax guidelines kab clarify honge? Anxiety ho rahi hai reporting karte waqt. #CryptoRally #CryptoTax,hinglish,2026-10-03T19:57:23.323119+00:00,101,26,20,#CryptoRally,CleanTech consultant Delhi. Solar rooftop & decarbonization.,IN-DL
kg_0299,reddit,kaggle_analyst_29,Layoffs hitting junior developers as AI coding tools spread. We need urgent reskilling pathways. #AIRevolution #Jobs,en,2026-10-03T20:04:59.243658+00:00,49,6,6,#AIRevolution,"Data science enthusiast, Kaggle contributor #29 tracking social intelligence.",IN-DL
kg_0409,telegram,kaggle_analyst_2,Bhai crypto tax guidelines kab clarify honge? Anxiety ho rahi hai reporting karte waqt. #CryptoRally #CryptoTax,hinglish,2026-10-03T20:05:19.273967+00:00,53,17,4,#CryptoRally,"Data science enthusiast, Kaggle contributor #2 tracking social intelligence.",DE-BE
kg_0415,reddit,solar_ananya,"Corporate carbon offset programs are largely greenwashing theater. We need actual emissions reduction, not accounting tricks. #SustainableTech #ClimateAction",hinglish,2026-10-03T20:09:09.328104+00:00,28,3,4,#SustainableTech,CleanTech consultant Delhi. Solar rooftop & decarbonization.,IN-DL
kg_0343,telegram,kaggle_analyst_27,Market green dekh ke dil khush ho gaya dosto! Bull run officially confirmed lag raha hai. #CryptoRally #CryptoIndia,hinglish,2026-10-03T20:14:29.010856+00:00,24,3,2,#CryptoRally,"Data science enthusiast, Kaggle contributor #27 tracking social intelligence.",DE-BE
kg_0284,x,kaggle_analyst_7,Open models ensure that researchers in developing countries can innovate without prohibitive cloud compute costs. #AIRevolution #DemocratizeAI,hinglish,2026-10-03T20:36:31.563285+00:00,58,21,10,#AIRevolution,"Data science enthusiast, Kaggle contributor #7 tracking social intelligence.",IN-DL
kg_0288,reddit,kaggle_analyst_34,Bhai crypto tax guidelines kab clarify honge? Anxiety ho rahi hai reporting karte waqt. #CryptoRally #CryptoTax,hinglish,2026-10-03T20:41:59.884670+00:00,48,14,5,#CryptoRally,"Data science enthusiast, Kaggle contributor #34 tracking social intelligence.",US-CA
kg_0342,x,quantum_leap_x,Deploying quantized models locally on MacBook with zero cloud latency. The developer experience is sublime. #AIRevolution #LocalAI,en,2026-10-03T20:43:03.516517+00:00,31,5,1,#AIRevolution,Physics PhD & Quantum computing algorithms researcher.,US-CA
kg_0344,x,cynical_coder,Bhai crypto tax guidelines kab clarify honge? Anxiety ho rahi hai reporting karte waqt. #CryptoRally #CryptoTax,hinglish,2026-10-03T20:43:12.529792+00:00,27,7,1,#CryptoRally,Software skeptic. Tired of VC buzzwords and SaaS price hikes.,US-WA
kg_0411,reddit,kaggle_analyst_30,Market green dekh ke dil khush ho gaya dosto! Bull run officially confirmed lag raha hai. #CryptoRally #CryptoIndia,hinglish,2026-10-03T21:19:07.031972+00:00,90,10,18,#CryptoRally,"Data science enthusiast, Kaggle contributor #30 tracking social intelligence.",IN-KA
kg_0297,x,kaggle_analyst_16,So heartbroken to see the entire core team fired via automated email after 6 years of dedication. Corporate cruelty at its peak. #BrandCrisis #TechLayoffs,hinglish,2026-10-03T21:34:12.263067+00:00,115,41,13,#BrandCrisis,"Data science enthusiast, Kaggle contributor #16 tracking social intelligence.",IN-KA
kg_0292,reddit,kaggle_analyst_26,"Kya bakwas cloud provider hai, customer support bot bus automated loop me ghuma raha hai! Total disaster. #BrandCrisis #Downtime",hinglish,2026-10-03T21:35:45.012320+00:00,19,5,1,#BrandCrisis,"Data science enthusiast, Kaggle contributor #26 tracking social intelligence.",IN-DL
kg_0373,x,priya_ai_ml,Masterclass in public relations: Blaming developers for your undocumented server-side breaking change. Bravo CloudCorp! #BrandCrisis #Sarcasm,hinglish,2026-10-03T21:38:48.721016+00:00,106,18,21,#BrandCrisis,ML engineer Bengaluru. NLP and code-mixed conversational systems.,IN-KA
kg_0322,x,kaggle_analyst_11,"Kya bakwas cloud provider hai, customer support bot bus automated loop me ghuma raha hai! Total disaster. #BrandCrisis #Downtime",hinglish,2026-10-03T21:52:45.338904+00:00,3,0,0,#BrandCrisis,"Data science enthusiast, Kaggle contributor #11 tracking social intelligence.",IN-MH
kg_0287,x,kaggle_analyst_24,Decentralized lending protocols processed record volume without a single liquidation bad debt event. Impressive resilience! #CryptoRally #DeFi,en,2026-10-03T21:54:52.614603+00:00,117,17,20,#CryptoRally,"Data science enthusiast, Kaggle contributor #24 tracking social intelligence.",DE-BE
kg_0417,x,kaggle_analyst_13,Oh brilliant! Another mandatory subscription tier so we can pay $30 a month to format tables. Pure innovation. #AIRevolution #Sarcasm,en,2026-10-03T21:56:36.338679+00:00,81,14,17,#AIRevolution,"Data science enthusiast, Kaggle contributor #13 tracking social intelligence.",IN-MH
kg_0328,reddit,kaggle_analyst_3,Market green dekh ke dil khush ho gaya dosto! Bull run officially confirmed lag raha hai. #CryptoRally #CryptoIndia,hinglish,2026-10-03T22:35:19.467337+00:00,30,5,6,#CryptoRally,"Data science enthusiast, Kaggle contributor #3 tracking social intelligence.",UK-ENG
kg_0365,x,kaggle_analyst_4,Bhai har company apna GPT wrapper bana kar billion dollar funding maang rahi hai. Bubble alert! #AIRevolution #VCHype,hinglish,2026-10-03T22:49:51.795809+00:00,92,14,5,#AIRevolution,"Data science enthusiast, Kaggle contributor #4 tracking social intelligence.",IN-KA
kg_0329,x,kaggle_analyst_9,Unannounced breaking API changes pushed directly to production. Our payment integration has been failing for 4 hours! #BrandCrisis #Outage,en,2026-10-03T23:08:53.538123+00:00,69,18,11,#BrandCrisis,"Data science enthusiast, Kaggle contributor #9 tracking social intelligence.",IN-MH
kg_0327,x,kaggle_analyst_37,Masterclass in public relations: Blaming developers for your undocumented server-side breaking change. Bravo CloudCorp! #BrandCrisis #Sarcasm,en,2026-10-03T23:19:50.923729+00:00,80,18,10,#BrandCrisis,"Data science enthusiast, Kaggle contributor #37 tracking social intelligence.",IN-KA
kg_0336,x,kaggle_analyst_25,Bhai har company apna GPT wrapper bana kar billion dollar funding maang rahi hai. Bubble alert! #AIRevolution #VCHype,hinglish,2026-10-03T23:31:01.237984+00:00,63,24,10,#AIRevolution,"Data science enthusiast, Kaggle contributor #25 tracking social intelligence.",US-CA
kg_0320,reddit,kaggle_analyst_5,Bhai crypto tax guidelines kab clarify honge? Anxiety ho rahi hai reporting karte waqt. #CryptoRally #CryptoTax,hinglish,2026-10-03T23:38:12.125130+00:00,88,17,19,#CryptoRally,"Data science enthusiast, Kaggle contributor #5 tracking social intelligence.",UK-ENG
kg_0379,x,kaggle_analyst_9,So heartbroken to see the entire core team fired via automated email after 6 years of dedication. Corporate cruelty at its peak. #BrandCrisis #TechLayoffs,en,2026-10-03T23:38:13.949069+00:00,42,13,2,#BrandCrisis,"Data science enthusiast, Kaggle contributor #9 tracking social intelligence.",IN-MH
kg_0330,x,kaggle_analyst_29,Decentralized lending protocols processed record volume without a single liquidation bad debt event. Impressive resilience! #CryptoRally #DeFi,en,2026-10-03T23:46:33.931837+00:00,105,12,17,#CryptoRally,"Data science enthusiast, Kaggle contributor #29 tracking social intelligence.",IN-DL
kg_0371,x,kaggle_analyst_3,Circular battery recycling facilities must scale 5x faster to prevent rare metal shortages by 2030. #SustainableTech #CircularEconomy,hinglish,2026-10-03T23:48:42.208876+00:00,42,9,2,#SustainableTech,"Data science enthusiast, Kaggle contributor #3 tracking social intelligence.",UK-ENG
kg_0321,x,kaggle_analyst_25,Unannounced breaking API changes pushed directly to production. Our payment integration has been failing for 4 hours! #BrandCrisis #Outage,en,2026-10-03T23:58:55.783257+00:00,102,30,6,#BrandCrisis,"Data science enthusiast, Kaggle contributor #25 tracking social intelligence.",US-CA
kg_0305,x,quantum_leap_x,Masterclass in public relations: Blaming developers for your undocumented server-side breaking change. Bravo CloudCorp! #BrandCrisis #Sarcasm,en,2026-10-04T00:33:09.535567+00:00,99,28,7,#BrandCrisis,Physics PhD & Quantum computing algorithms researcher.,US-CA
kg_0337,reddit,kaggle_analyst_34,Are we moving too fast with autonomous agent deployment? The alignment verification benchmarks are severely lagging. #AIRevolution #Safety,en,2026-10-04T00:49:58.840434+00:00,96,15,13,#AIRevolution,"Data science enthusiast, Kaggle contributor #34 tracking social intelligence.",US-CA
kg_0359,x,kaggle_analyst_33,Market green dekh ke dil khush ho gaya dosto! Bull run officially confirmed lag raha hai. #CryptoRally #CryptoIndia,hinglish,2026-10-04T00:57:24.323004+00:00,62,8,11,#CryptoRally,"Data science enthusiast, Kaggle contributor #33 tracking social intelligence.",DE-BE
kg_0358,x,ev_battery_geek,"Breakthrough solid-state battery chemistry shows 95% retention after 1,000 thermal shock cycles. Game changer for EVs! #SustainableTech #CleanTech",en,2026-10-04T01:13:56.099101+00:00,71,23,10,#SustainableTech,Solid state batteries & electric vehicle powertrain engineering.,DE-BE
kg_0295,x,kaggle_analyst_20,Critical security patch reverted without notification. Enterprise customers deserve immediate transparency. #BrandCrisis #Security,en,2026-10-04T01:20:22.004624+00:00,62,21,6,#BrandCrisis,"Data science enthusiast, Kaggle contributor #20 tracking social intelligence.",IN-DL
kg_0308,x,kaggle_analyst_4,Masterclass in public relations: Blaming developers for your undocumented server-side breaking change. Bravo CloudCorp! #BrandCrisis #Sarcasm,en,2026-10-04T01:28:30.536748+00:00,62,14,15,#BrandCrisis,"Data science enthusiast, Kaggle contributor #4 tracking social intelligence.",IN-KA
kg_0294,x,ai_insider,Bhai crypto tax guidelines kab clarify honge? Anxiety ho rahi hai reporting karte waqt. #CryptoRally #CryptoTax,hinglish,2026-10-04T01:39:22.795855+00:00,2255,344,391,#CryptoRally,Covering cutting edge generative models and research papers. SF & London.,US-CA
kg_0381,x,kaggle_analyst_21,Masterclass in public relations: Blaming developers for your undocumented server-side breaking change. Bravo CloudCorp! #BrandCrisis #Sarcasm,hinglish,2026-10-04T01:39:45.235924+00:00,53,5,10,#BrandCrisis,"Data science enthusiast, Kaggle contributor #21 tracking social intelligence.",IN-KA
kg_0405,reddit,quantum_leap_x,So heartbroken to see the entire core team fired via automated email after 6 years of dedication. Corporate cruelty at its peak. #BrandCrisis #TechLayoffs,en,2026-10-04T01:41:44.308178+00:00,87,29,6,#BrandCrisis,Physics PhD & Quantum computing algorithms researcher.,US-CA
kg_0317,telegram,kaggle_analyst_4,Smart microgrids powered by AI load prediction are keeping hospital systems running during extreme summer heatwaves. #SustainableTech #SmartGrid,en,2026-10-04T02:08:05.785898+00:00,58,14,10,#SustainableTech,"Data science enthusiast, Kaggle contributor #4 tracking social intelligence.",IN-KA
kg_0356,telegram,kaggle_analyst_22,Masterclass in public relations: Blaming developers for your undocumented server-side breaking change. Bravo CloudCorp! #BrandCrisis #Sarcasm,en,2026-10-04T02:13:46.676727+00:00,71,26,8,#BrandCrisis,"Data science enthusiast, Kaggle contributor #22 tracking social intelligence.",DE-BE
kg_0394,reddit,kaggle_analyst_22,Bhai har company apna GPT wrapper bana kar billion dollar funding maang rahi hai. Bubble alert! #AIRevolution #VCHype,hinglish,2026-10-04T02:29:34.836423+00:00,67,17,12,#AIRevolution,"Data science enthusiast, Kaggle contributor #22 tracking social intelligence.",DE-BE
kg_0369,reddit,kaggle_analyst_27,Yeh naya multi-modal model dekh kar dimaag hil gaya! Code generation quality 10x improve ho gayi hai. #AIRevolution #Tech,hinglish,2026-10-04T02:29:55.736527+00:00,117,23,20,#AIRevolution,"Data science enthusiast, Kaggle contributor #27 tracking social intelligence.",DE-BE
kg_0351,x,desimeme_analyst,Yeh naya multi-modal model dekh kar dimaag hil gaya! Code generation quality 10x improve ho gayi hai. #AIRevolution #Tech,hinglish,2026-10-04T02:29:57.210480+00:00,52,17,4,#AIRevolution,Tech commentator. Sarcasm is the highest form of intelligence.,IN-MH
kg_0400,telegram,vikas_crypto_trader,Are we moving too fast with autonomous agent deployment? The alignment verification benchmarks are severely lagging. #AIRevolution #Safety,hinglish,2026-10-04T02:32:52.450824+00:00,31,9,5,#AIRevolution,Crypto on-chain analyst Mumbai. Technical analysis & DeFi.,IN-MH
kg_0303,x,kaggle_analyst_21,Remember to manage leverage carefully. Excessive greed during rallies always triggers painful liquidation wicks. #CryptoRally #RiskManagement,hinglish,2026-10-04T02:39:54.032221+00:00,108,13,12,#CryptoRally,"Data science enthusiast, Kaggle contributor #21 tracking social intelligence.",IN-KA
kg_0316,reddit,kaggle_analyst_13,Oh brilliant! Another mandatory subscription tier so we can pay $30 a month to format tables. Pure innovation. #AIRevolution #Sarcasm,en,2026-10-04T02:44:49.011990+00:00,47,16,8,#AIRevolution,"Data science enthusiast, Kaggle contributor #13 tracking social intelligence.",IN-MH
kg_0341,reddit,kaggle_analyst_29,New open weights model just dropped and it beats closed frontier models on standard coding benchmarks! #AIRevolution #OpenSource,en,2026-10-04T02:54:50.678419+00:00,35,10,6,#AIRevolution,"Data science enthusiast, Kaggle contributor #29 tracking social intelligence.",IN-DL
kg_0331,reddit,kaggle_analyst_4,"Kya bakwas cloud provider hai, customer support bot bus automated loop me ghuma raha hai! Total disaster. #BrandCrisis #Downtime",hinglish,2026-10-04T03:09:46.989332+00:00,43,13,2,#BrandCrisis,"Data science enthusiast, Kaggle contributor #4 tracking social intelligence.",IN-KA
kg_0374,youtube,kaggle_analyst_12,Critical security patch reverted without notification. Enterprise customers deserve immediate transparency. #BrandCrisis #Security,en,2026-10-04T03:20:16.585028+00:00,52,10,6,#BrandCrisis,"Data science enthusiast, Kaggle contributor #12 tracking social intelligence.",UK-ENG
kg_0370,reddit,kaggle_analyst_23,New open weights model just dropped and it beats closed frontier models on standard coding benchmarks! #AIRevolution #OpenSource,en,2026-10-04T03:25:57.012397+00:00,59,8,13,#AIRevolution,"Data science enthusiast, Kaggle contributor #23 tracking social intelligence.",UK-ENG
kg_0347,reddit,kaggle_analyst_33,Open models ensure that researchers in developing countries can innovate without prohibitive cloud compute costs. #AIRevolution #DemocratizeAI,hinglish,2026-10-04T03:27:56.856703+00:00,78,19,14,#AIRevolution,"Data science enthusiast, Kaggle contributor #33 tracking social intelligence.",DE-BE
kg_0362,youtube,kaggle_analyst_30,Bhai crypto tax guidelines kab clarify honge? Anxiety ho rahi hai reporting karte waqt. #CryptoRally #CryptoTax,hinglish,2026-10-04T03:29:43.262476+00:00,52,19,4,#CryptoRally,"Data science enthusiast, Kaggle contributor #30 tracking social intelligence.",IN-KA
kg_0372,x,kaggle_analyst_11,Bitcoin hash rate reached a new all-time high! On-chain liquidity depth is stronger than ever. #CryptoRally #Bitcoin,en,2026-10-04T03:34:03.844707+00:00,12,4,1,#CryptoRally,"Data science enthusiast, Kaggle contributor #11 tracking social intelligence.",IN-MH
kg_0391,x,kaggle_analyst_22,Smart microgrids powered by AI load prediction are keeping hospital systems running during extreme summer heatwaves. #SustainableTech #SmartGrid,en,2026-10-04T03:47:57.724307+00:00,42,14,2,#SustainableTech,"Data science enthusiast, Kaggle contributor #22 tracking social intelligence.",DE-BE
kg_0355,x,kaggle_analyst_3,Decentralized lending protocols processed record volume without a single liquidation bad debt event. Impressive resilience! #CryptoRally #DeFi,hinglish,2026-10-04T03:47:59.221818+00:00,18,4,4,#CryptoRally,"Data science enthusiast, Kaggle contributor #3 tracking social intelligence.",UK-ENG
kg_0357,x,kaggle_analyst_21,So heartbroken to see the entire core team fired via automated email after 6 years of dedication. Corporate cruelty at its peak. #BrandCrisis #TechLayoffs,hinglish,2026-10-04T03:50:57.880735+00:00,92,17,15,#BrandCrisis,"Data science enthusiast, Kaggle contributor #21 tracking social intelligence.",IN-KA
kg_0318,x,green_future_now,Bitcoin hash rate reached a new all-time high! On-chain liquidity depth is stronger than ever. #CryptoRally #Bitcoin,en,2026-10-04T03:52:27.383165+00:00,93,19,23,#CryptoRally,Renewable energy policy researcher based in Berlin.,DE-BE
kg_0289,x,kaggle_analyst_18,Bitcoin hash rate reached a new all-time high! On-chain liquidity depth is stronger than ever. #CryptoRally #Bitcoin,en,2026-10-04T03:53:36.060664+00:00,106,39,7,#CryptoRally,"Data science enthusiast, Kaggle contributor #18 tracking social intelligence.",IN-DL
kg_0304,reddit,kaggle_analyst_19,Remember to manage leverage carefully. Excessive greed during rallies always triggers painful liquidation wicks. #CryptoRally #RiskManagement,hinglish,2026-10-04T04:29:58.882251+00:00,112,44,17,#CryptoRally,"Data science enthusiast, Kaggle contributor #19 tracking social intelligence.",DE-BE
kg_0280,x,priya_ai_ml,Bitcoin hash rate reached a new all-time high! On-chain liquidity depth is stronger than ever. #CryptoRally #Bitcoin,hinglish,2026-10-04T04:31:07.800641+00:00,40,11,7,#CryptoRally,ML engineer Bengaluru. NLP and code-mixed conversational systems.,IN-KA
kg_0360,reddit,satoshi_believer,"Kya bakwas cloud provider hai, customer support bot bus automated loop me ghuma raha hai! Total disaster. #BrandCrisis #Downtime",hinglish,2026-10-04T04:32:33.720611+00:00,73,27,4,#BrandCrisis,Bitcoin max & decentralized finance advocate. Zurich.,CH-ZH
kg_0378,x,rohit_sharma_dev,Circular battery recycling facilities must scale 5x faster to prevent rare metal shortages by 2030. #SustainableTech #CircularEconomy,hinglish,2026-10-04T04:39:46.782377+00:00,3142,1009,299,#SustainableTech,"Senior Cloud Developer from Pune. Docker, Kubernetes, Chai.",IN-MH
kg_0396,x,kaggle_analyst_13,"Corporate carbon offset programs are largely greenwashing theater. We need actual emissions reduction, not accounting tricks. #SustainableTech #ClimateAction",en,2026-10-04T04:40:01.151229+00:00,63,13,7,#SustainableTech,"Data science enthusiast, Kaggle contributor #13 tracking social intelligence.",IN-MH
kg_0402,x,kaggle_analyst_34,Congratulations to venture funds on dumping their unlocked allocations right into retail liquidity. Classic. #CryptoRally #Sarcasm,en,2026-10-04T04:45:54.219965+00:00,15,5,3,#CryptoRally,"Data science enthusiast, Kaggle contributor #34 tracking social intelligence.",US-CA
kg_0389,x,vikas_crypto_trader,Open models ensure that researchers in developing countries can innovate without prohibitive cloud compute costs. #AIRevolution #DemocratizeAI,hinglish,2026-10-04T05:04:13.673168+00:00,39,8,4,#AIRevolution,Crypto on-chain analyst Mumbai. Technical analysis & DeFi.,IN-MH
kg_0286,reddit,kaggle_analyst_1,Open models ensure that researchers in developing countries can innovate without prohibitive cloud compute costs. #AIRevolution #DemocratizeAI,hinglish,2026-10-04T05:18:27.084829+00:00,26,5,5,#AIRevolution,"Data science enthusiast, Kaggle contributor #1 tracking social intelligence.",IN-MH
kg_0412,x,kaggle_analyst_31,Layoffs hitting junior developers as AI coding tools spread. We need urgent reskilling pathways. #AIRevolution #Jobs,hinglish,2026-10-04T05:24:46.602204+00:00,76,17,18,#AIRevolution,"Data science enthusiast, Kaggle contributor #31 tracking social intelligence.",IN-MH
kg_0413,x,kaggle_analyst_4,Circular battery recycling facilities must scale 5x faster to prevent rare metal shortages by 2030. #SustainableTech #CircularEconomy,en,2026-10-04T05:37:53.516680+00:00,19,4,1,#SustainableTech,"Data science enthusiast, Kaggle contributor #4 tracking social intelligence.",IN-KA
kg_0393,telegram,kaggle_analyst_31,Critical security patch reverted without notification. Enterprise customers deserve immediate transparency. #BrandCrisis #Security,hinglish,2026-10-04T05:44:40.279693+00:00,17,4,2,#BrandCrisis,"Data science enthusiast, Kaggle contributor #31 tracking social intelligence.",IN-MH
kg_0346,x,kaggle_analyst_15,Critical security patch reverted without notification. Enterprise customers deserve immediate transparency. #BrandCrisis #Security,en,2026-10-04T05:49:39.587807+00:00,13,5,1,#BrandCrisis,"Data science enthusiast, Kaggle contributor #15 tracking social intelligence.",UK-ENG
kg_0314,youtube,kaggle_analyst_36,Remember to manage leverage carefully. Excessive greed during rallies always triggers painful liquidation wicks. #CryptoRally #RiskManagement,en,2026-10-04T05:52:17.370556+00:00,41,15,9,#CryptoRally,"Data science enthusiast, Kaggle contributor #36 tracking social intelligence.",DE-BE
kg_0363,x,rohit_sharma_dev,Unannounced breaking API changes pushed directly to production. Our payment integration has been failing for 4 hours! #BrandCrisis #Outage,hinglish,2026-10-04T05:59:41.084212+00:00,35,3,6,#BrandCrisis,"Senior Cloud Developer from Pune. Docker, Kubernetes, Chai.",IN-MH
kg_0390,x,deepmind_fan,Masterclass in public relations: Blaming developers for your undocumented server-side breaking change. Bravo CloudCorp! #BrandCrisis #Sarcasm,en,2026-10-04T06:09:36.460476+00:00,11,1,0,#BrandCrisis,Reinforcement learning enthusiast & Python developer.,UK-ENG
kg_0388,x,kaggle_analyst_7,New open weights model just dropped and it beats closed frontier models on standard coding benchmarks! #AIRevolution #OpenSource,hinglish,2026-10-04T06:13:26.939094+00:00,95,9,12,#AIRevolution,"Data science enthusiast, Kaggle contributor #7 tracking social intelligence.",IN-DL
kg_0366,x,kaggle_analyst_27,Market green dekh ke dil khush ho gaya dosto! Bull run officially confirmed lag raha hai. #CryptoRally #CryptoIndia,hinglish,2026-10-04T06:15:25.978842+00:00,31,4,5,#CryptoRally,"Data science enthusiast, Kaggle contributor #27 tracking social intelligence.",DE-BE
kg_0338,x,kaggle_analyst_16,New open weights model just dropped and it beats closed frontier models on standard coding benchmarks! #AIRevolution #OpenSource,hinglish,2026-10-04T06:22:57.341629+00:00,33,8,4,#AIRevolution,"Data science enthusiast, Kaggle contributor #16 tracking social intelligence.",IN-KA
kg_0368,telegram,kaggle_analyst_38,Yeh naya multi-modal model dekh kar dimaag hil gaya! Code generation quality 10x improve ho gayi hai. #AIRevolution #Tech,hinglish,2026-10-04T06:49:24.279030+00:00,49,16,6,#AIRevolution,"Data science enthusiast, Kaggle contributor #38 tracking social intelligence.",IN-MH
kg_0377,telegram,kaggle_analyst_1,So heartbroken to see the entire core team fired via automated email after 6 years of dedication. Corporate cruelty at its peak. #BrandCrisis #TechLayoffs,hinglish,2026-10-04T06:56:19.994614+00:00,42,7,5,#BrandCrisis,"Data science enthusiast, Kaggle contributor #1 tracking social intelligence.",IN-MH
kg_0474,telegram,kaggle_analyst_18,Critical security patch reverted without notification. Enterprise customers deserve immediate transparency. #BrandCrisis #Security,en,2026-10-04T09:08:58.189707+00:00,7,0,1,#BrandCrisis,"Data science enthusiast, Kaggle contributor #18 tracking social intelligence.",IN-DL
kg_0461,x,kaggle_analyst_39,Deploying quantized models locally on MacBook with zero cloud latency. The developer experience is sublime. #AIRevolution #LocalAI,hinglish,2026-10-04T09:12:56.304584+00:00,61,21,3,#AIRevolution,"Data science enthusiast, Kaggle contributor #39 tracking social intelligence.",US-CA
kg_0500,x,kaggle_analyst_20,"Kya bakwas cloud provider hai, customer support bot bus automated loop me ghuma raha hai! Total disaster. #BrandCrisis #Downtime",hinglish,2026-10-04T09:13:03.596532+00:00,117,34,16,#BrandCrisis,"Data science enthusiast, Kaggle contributor #20 tracking social intelligence.",IN-DL
kg_0460,x,desimeme_analyst,Yeh naya multi-modal model dekh kar dimaag hil gaya! Code generation quality 10x improve ho gayi hai. #AIRevolution #Tech,hinglish,2026-10-04T09:16:04.315643+00:00,110,31,21,#AIRevolution,Tech commentator. Sarcasm is the highest form of intelligence.,IN-MH
kg_0440,telegram,kaggle_analyst_4,Bhai crypto tax guidelines kab clarify honge? Anxiety ho rahi hai reporting karte waqt. #CryptoRally #CryptoTax,hinglish,2026-10-04T09:40:35.376732+00:00,26,4,4,#CryptoRally,"Data science enthusiast, Kaggle contributor #4 tracking social intelligence.",IN-KA
kg_0453,x,desimeme_analyst,Yeh naya multi-modal model dekh kar dimaag hil gaya! Code generation quality 10x improve ho gayi hai. #AIRevolution #Tech,hinglish,2026-10-04T09:45:30.195394+00:00,90,15,18,#AIRevolution,Tech commentator. Sarcasm is the highest form of intelligence.,IN-MH
kg_0467,x,kaggle_analyst_3,Market green dekh ke dil khush ho gaya dosto! Bull run officially confirmed lag raha hai. #CryptoRally #CryptoIndia,hinglish,2026-10-04T09:46:03.646203+00:00,101,13,14,#CryptoRally,"Data science enthusiast, Kaggle contributor #3 tracking social intelligence.",UK-ENG
kg_0443,telegram,kaggle_analyst_26,Bitcoin hash rate reached a new all-time high! On-chain liquidity depth is stronger than ever. #CryptoRally #Bitcoin,hinglish,2026-10-04T10:18:02.234902+00:00,61,17,13,#CryptoRally,"Data science enthusiast, Kaggle contributor #26 tracking social intelligence.",IN-DL
kg_0478,reddit,priya_ai_ml,Smart microgrids powered by AI load prediction are keeping hospital systems running during extreme summer heatwaves. #SustainableTech #SmartGrid,hinglish,2026-10-04T10:25:11.533704+00:00,106,40,11,#SustainableTech,ML engineer Bengaluru. NLP and code-mixed conversational systems.,IN-KA
kg_0475,reddit,kaggle_analyst_31,Circular battery recycling facilities must scale 5x faster to prevent rare metal shortages by 2030. #SustainableTech #CircularEconomy,hinglish,2026-10-04T11:14:32.355454+00:00,8,3,1,#SustainableTech,"Data science enthusiast, Kaggle contributor #31 tracking social intelligence.",IN-MH
kg_0434,reddit,kaggle_analyst_34,Open models ensure that researchers in developing countries can innovate without prohibitive cloud compute costs. #AIRevolution #DemocratizeAI,en,2026-10-04T11:29:26.533970+00:00,64,13,7,#AIRevolution,"Data science enthusiast, Kaggle contributor #34 tracking social intelligence.",US-CA
kg_0433,youtube,kaggle_analyst_14,"Breakthrough solid-state battery chemistry shows 95% retention after 1,000 thermal shock cycles. Game changer for EVs! #SustainableTech #CleanTech",en,2026-10-04T12:03:43.983157+00:00,44,14,3,#SustainableTech,"Data science enthusiast, Kaggle contributor #14 tracking social intelligence.",IN-KA
kg_0425,reddit,kaggle_analyst_10,Bitcoin hash rate reached a new all-time high! On-chain liquidity depth is stronger than ever. #CryptoRally #Bitcoin,en,2026-10-04T12:05:28.312619+00:00,67,7,14,#CryptoRally,"Data science enthusiast, Kaggle contributor #10 tracking social intelligence.",IN-MH
kg_0499,x,kaggle_analyst_14,New open weights model just dropped and it beats closed frontier models on standard coding benchmarks! #AIRevolution #OpenSource,en,2026-10-04T12:11:33.445054+00:00,22,3,3,#AIRevolution,"Data science enthusiast, Kaggle contributor #14 tracking social intelligence.",IN-KA
kg_0496,youtube,kaggle_analyst_38,"Kya bakwas cloud provider hai, customer support bot bus automated loop me ghuma raha hai! Total disaster. #BrandCrisis #Downtime",hinglish,2026-10-04T12:21:24.558460+00:00,33,10,2,#BrandCrisis,"Data science enthusiast, Kaggle contributor #38 tracking social intelligence.",IN-MH
kg_0449,telegram,cynical_coder,"Breakthrough solid-state battery chemistry shows 95% retention after 1,000 thermal shock cycles. Game changer for EVs! #SustainableTech #CleanTech",en,2026-10-04T12:33:14.842464+00:00,61,16,8,#SustainableTech,Software skeptic. Tired of VC buzzwords and SaaS price hikes.,US-WA
kg_0489,x,kaggle_analyst_27,Layoffs hitting junior developers as AI coding tools spread. We need urgent reskilling pathways. #AIRevolution #Jobs,hinglish,2026-10-04T12:33:40.466513+00:00,25,7,5,#AIRevolution,"Data science enthusiast, Kaggle contributor #27 tracking social intelligence.",DE-BE
kg_0451,telegram,kaggle_analyst_16,New open weights model just dropped and it beats closed frontier models on standard coding benchmarks! #AIRevolution #OpenSource,hinglish,2026-10-04T13:01:17.690304+00:00,57,17,6,#AIRevolution,"Data science enthusiast, Kaggle contributor #16 tracking social intelligence.",IN-KA
kg_0464,x,solar_ananya,"Breakthrough solid-state battery chemistry shows 95% retention after 1,000 thermal shock cycles. Game changer for EVs! #SustainableTech #CleanTech",hinglish,2026-10-04T13:17:00.573198+00:00,95,16,18,#SustainableTech,CleanTech consultant Delhi. Solar rooftop & decarbonization.,IN-DL
kg_0439,x,cynical_coder,Grid-scale solar installations just crossed 100GW milestone in Western India. Decentralized power is happening! #SustainableTech #SolarEnergy,hinglish,2026-10-04T13:17:14.066162+00:00,54,14,6,#SustainableTech,Software skeptic. Tired of VC buzzwords and SaaS price hikes.,US-WA
kg_0495,reddit,kaggle_analyst_24,Circular battery recycling facilities must scale 5x faster to prevent rare metal shortages by 2030. #SustainableTech #CircularEconomy,en,2026-10-04T13:37:21.719698+00:00,55,7,5,#SustainableTech,"Data science enthusiast, Kaggle contributor #24 tracking social intelligence.",DE-BE
kg_0479,reddit,kaggle_analyst_12,Grid-scale solar installations just crossed 100GW milestone in Western India. Decentralized power is happening! #SustainableTech #SolarEnergy,hinglish,2026-10-04T14:16:41.813389+00:00,90,32,20,#SustainableTech,"Data science enthusiast, Kaggle contributor #12 tracking social intelligence.",UK-ENG
kg_0436,telegram,desimeme_analyst,Bitcoin hash rate reached a new all-time high! On-chain liquidity depth is stronger than ever. #CryptoRally #Bitcoin,hinglish,2026-10-04T14:20:17.374952+00:00,105,28,24,#CryptoRally,Tech commentator. Sarcasm is the highest form of intelligence.,IN-MH
kg_0458,telegram,kaggle_analyst_27,"Kya bakwas cloud provider hai, customer support bot bus automated loop me ghuma raha hai! Total disaster. #BrandCrisis #Downtime",hinglish,2026-10-04T14:35:20.876886+00:00,109,38,23,#BrandCrisis,"Data science enthusiast, Kaggle contributor #27 tracking social intelligence.",DE-BE
kg_0429,x,kaggle_analyst_29,Remember to manage leverage carefully. Excessive greed during rallies always triggers painful liquidation wicks. #CryptoRally #RiskManagement,en,2026-10-04T14:44:30.398896+00:00,99,30,12,#CryptoRally,"Data science enthusiast, Kaggle contributor #29 tracking social intelligence.",IN-DL
kg_0438,reddit,priya_ai_ml,Decentralized lending protocols processed record volume without a single liquidation bad debt event. Impressive resilience! #CryptoRally #DeFi,hinglish,2026-10-04T15:04:28.900727+00:00,93,30,18,#CryptoRally,ML engineer Bengaluru. NLP and code-mixed conversational systems.,IN-KA
kg_0490,x,kaggle_analyst_28,Market green dekh ke dil khush ho gaya dosto! Bull run officially confirmed lag raha hai. #CryptoRally #CryptoIndia,hinglish,2026-10-04T15:47:25.949413+00:00,9,3,1,#CryptoRally,"Data science enthusiast, Kaggle contributor #28 tracking social intelligence.",IN-DL
kg_0430,x,kaggle_analyst_13,Decentralized lending protocols processed record volume without a single liquidation bad debt event. Impressive resilience! #CryptoRally #DeFi,en,2026-10-04T15:50:11.588872+00:00,7,2,1,#CryptoRally,"Data science enthusiast, Kaggle contributor #13 tracking social intelligence.",IN-MH
kg_0473,telegram,kaggle_analyst_9,Critical security patch reverted without notification. Enterprise customers deserve immediate transparency. #BrandCrisis #Security,en,2026-10-04T16:00:13.037628+00:00,13,4,1,#BrandCrisis,"Data science enthusiast, Kaggle contributor #9 tracking social intelligence.",IN-MH
kg_0493,x,kaggle_analyst_2,"Corporate carbon offset programs are largely greenwashing theater. We need actual emissions reduction, not accounting tricks. #SustainableTech #ClimateAction",hinglish,2026-10-04T16:14:40.310105+00:00,6,2,0,#SustainableTech,"Data science enthusiast, Kaggle contributor #2 tracking social intelligence.",DE-BE
kg_0471,x,kaggle_analyst_17,Masterclass in public relations: Blaming developers for your undocumented server-side breaking change. Bravo CloudCorp! #BrandCrisis #Sarcasm,en,2026-10-04T16:28:57.344791+00:00,95,12,7,#BrandCrisis,"Data science enthusiast, Kaggle contributor #17 tracking social intelligence.",IN-MH
kg_0491,x,kaggle_analyst_12,Layoffs hitting junior developers as AI coding tools spread. We need urgent reskilling pathways. #AIRevolution #Jobs,en,2026-10-04T16:51:26.974719+00:00,10,3,1,#AIRevolution,"Data science enthusiast, Kaggle contributor #12 tracking social intelligence.",UK-ENG
kg_0422,reddit,kaggle_analyst_29,Bhai har company apna GPT wrapper bana kar billion dollar funding maang rahi hai. Bubble alert! #AIRevolution #VCHype,hinglish,2026-10-04T17:32:27.133236+00:00,117,37,10,#AIRevolution,"Data science enthusiast, Kaggle contributor #29 tracking social intelligence.",IN-DL
kg_0420,youtube,kaggle_analyst_34,Layoffs hitting junior developers as AI coding tools spread. We need urgent reskilling pathways. #AIRevolution #Jobs,en,2026-10-04T17:32:33.001413+00:00,6,0,1,#AIRevolution,"Data science enthusiast, Kaggle contributor #34 tracking social intelligence.",US-CA
kg_0431,x,vikas_crypto_trader,Grid-scale solar installations just crossed 100GW milestone in Western India. Decentralized power is happening! #SustainableTech #SolarEnergy,hinglish,2026-10-04T17:33:47.533677+00:00,73,18,7,#SustainableTech,Crypto on-chain analyst Mumbai. Technical analysis & DeFi.,IN-MH
kg_0426,reddit,kaggle_analyst_19,Deploying quantized models locally on MacBook with zero cloud latency. The developer experience is sublime. #AIRevolution #LocalAI,hinglish,2026-10-04T17:37:56.284643+00:00,25,3,3,#AIRevolution,"Data science enthusiast, Kaggle contributor #19 tracking social intelligence.",DE-BE
kg_0428,youtube,kaggle_analyst_21,Smart microgrids powered by AI load prediction are keeping hospital systems running during extreme summer heatwaves. #SustainableTech #SmartGrid,hinglish,2026-10-04T17:42:52.606128+00:00,97,28,21,#SustainableTech,"Data science enthusiast, Kaggle contributor #21 tracking social intelligence.",IN-KA
kg_0487,x,kaggle_analyst_1,Bhai har company apna GPT wrapper bana kar billion dollar funding maang rahi hai. Bubble alert! #AIRevolution #VCHype,hinglish,2026-10-04T17:50:23.927909+00:00,91,22,20,#AIRevolution,"Data science enthusiast, Kaggle contributor #1 tracking social intelligence.",IN-MH
kg_0492,x,kaggle_analyst_3,Bhai har company apna GPT wrapper bana kar billion dollar funding maang rahi hai. Bubble alert! #AIRevolution #VCHype,hinglish,2026-10-04T18:19:25.408341+00:00,25,3,2,#AIRevolution,"Data science enthusiast, Kaggle contributor #3 tracking social intelligence.",UK-ENG
kg_0442,reddit,kaggle_analyst_9,Smart microgrids powered by AI load prediction are keeping hospital systems running during extreme summer heatwaves. #SustainableTech #SmartGrid,en,2026-10-04T18:43:56.229340+00:00,66,26,10,#SustainableTech,"Data science enthusiast, Kaggle contributor #9 tracking social intelligence.",IN-MH
kg_0448,reddit,kaggle_analyst_14,Layoffs hitting junior developers as AI coding tools spread. We need urgent reskilling pathways. #AIRevolution #Jobs,en,2026-10-04T19:08:42.383245+00:00,23,9,4,#AIRevolution,"Data science enthusiast, Kaggle contributor #14 tracking social intelligence.",IN-KA
kg_0459,x,ev_battery_geek,Critical security patch reverted without notification. Enterprise customers deserve immediate transparency. #BrandCrisis #Security,en,2026-10-04T19:17:01.769783+00:00,102,36,21,#BrandCrisis,Solid state batteries & electric vehicle powertrain engineering.,DE-BE
kg_0485,x,solar_ananya,Masterclass in public relations: Blaming developers for your undocumented server-side breaking change. Bravo CloudCorp! #BrandCrisis #Sarcasm,hinglish,2026-10-04T19:58:48.902821+00:00,21,6,1,#BrandCrisis,CleanTech consultant Delhi. Solar rooftop & decarbonization.,IN-DL
kg_0498,telegram,kaggle_analyst_24,Layoffs hitting junior developers as AI coding tools spread. We need urgent reskilling pathways. #AIRevolution #Jobs,en,2026-10-04T20:53:10.874717+00:00,77,24,5,#AIRevolution,"Data science enthusiast, Kaggle contributor #24 tracking social intelligence.",DE-BE
kg_0454,youtube,kaggle_analyst_21,Open models ensure that researchers in developing countries can innovate without prohibitive cloud compute costs. #AIRevolution #DemocratizeAI,hinglish,2026-10-04T20:56:07.041539+00:00,16,5,1,#AIRevolution,"Data science enthusiast, Kaggle contributor #21 tracking social intelligence.",IN-KA
kg_0465,reddit,kaggle_analyst_17,Bhai crypto tax guidelines kab clarify honge? Anxiety ho rahi hai reporting karte waqt. #CryptoRally #CryptoTax,hinglish,2026-10-04T21:15:03.997423+00:00,62,15,15,#CryptoRally,"Data science enthusiast, Kaggle contributor #17 tracking social intelligence.",IN-MH
kg_0481,telegram,kaggle_analyst_20,Decentralized lending protocols processed record volume without a single liquidation bad debt event. Impressive resilience! #CryptoRally #DeFi,en,2026-10-04T22:11:11.258598+00:00,72,18,10,#CryptoRally,"Data science enthusiast, Kaggle contributor #20 tracking social intelligence.",IN-DL
kg_0432,telegram,kaggle_analyst_1,Yeh naya multi-modal model dekh kar dimaag hil gaya! Code generation quality 10x improve ho gayi hai. #AIRevolution #Tech,hinglish,2026-10-05T00:04:52.234985+00:00,67,11,7,#AIRevolution,"Data science enthusiast, Kaggle contributor #1 tracking social intelligence.",IN-MH
kg_0435,reddit,kaggle_analyst_28,New open weights model just dropped and it beats closed frontier models on standard coding benchmarks! #AIRevolution #OpenSource,en,2026-10-05T00:38:13.180047+00:00,35,6,3,#AIRevolution,"Data science enthusiast, Kaggle contributor #28 tracking social intelligence.",IN-DL
kg_0486,x,kaggle_analyst_3,Market green dekh ke dil khush ho gaya dosto! Bull run officially confirmed lag raha hai. #CryptoRally #CryptoIndia,hinglish,2026-10-05T00:42:17.689033+00:00,8,2,1,#CryptoRally,"Data science enthusiast, Kaggle contributor #3 tracking social intelligence.",UK-ENG
kg_0484,youtube,kaggle_analyst_12,Bitcoin hash rate reached a new all-time high! On-chain liquidity depth is stronger than ever. #CryptoRally #Bitcoin,en,2026-10-05T00:58:21.959221+00:00,119,26,29,#CryptoRally,"Data science enthusiast, Kaggle contributor #12 tracking social intelligence.",UK-ENG
kg_0444,reddit,kaggle_analyst_8,Bhai crypto tax guidelines kab clarify honge? Anxiety ho rahi hai reporting karte waqt. #CryptoRally #CryptoTax,hinglish,2026-10-05T01:30:51.063406+00:00,57,13,4,#CryptoRally,"Data science enthusiast, Kaggle contributor #8 tracking social intelligence.",IN-MH
kg_0470,reddit,kaggle_analyst_29,Open models ensure that researchers in developing countries can innovate without prohibitive cloud compute costs. #AIRevolution #DemocratizeAI,en,2026-10-05T01:58:16.319781+00:00,50,12,8,#AIRevolution,"Data science enthusiast, Kaggle contributor #29 tracking social intelligence.",IN-DL
kg_0455,x,priya_ai_ml,Grid-scale solar installations just crossed 100GW milestone in Western India. Decentralized power is happening! #SustainableTech #SolarEnergy,hinglish,2026-10-05T02:06:40.987104+00:00,114,15,9,#SustainableTech,ML engineer Bengaluru. NLP and code-mixed conversational systems.,IN-KA
kg_0468,x,desimeme_analyst,"Kya bakwas cloud provider hai, customer support bot bus automated loop me ghuma raha hai! Total disaster. #BrandCrisis #Downtime",hinglish,2026-10-05T02:27:37.173027+00:00,36,8,3,#BrandCrisis,Tech commentator. Sarcasm is the highest form of intelligence.,IN-MH
kg_0450,x,kaggle_analyst_27,Layoffs hitting junior developers as AI coding tools spread. We need urgent reskilling pathways. #AIRevolution #Jobs,hinglish,2026-10-05T02:42:33.917407+00:00,26,9,1,#AIRevolution,"Data science enthusiast, Kaggle contributor #27 tracking social intelligence.",DE-BE
kg_0477,reddit,quantum_leap_x,Unannounced breaking API changes pushed directly to production. Our payment integration has been failing for 4 hours! #BrandCrisis #Outage,en,2026-10-05T03:18:40.124655+00:00,66,8,15,#BrandCrisis,Physics PhD & Quantum computing algorithms researcher.,US-CA
kg_0483,x,kaggle_analyst_14,Unannounced breaking API changes pushed directly to production. Our payment integration has been failing for 4 hours! #BrandCrisis #Outage,en,2026-10-05T03:19:22.411094+00:00,31,9,3,#BrandCrisis,"Data science enthusiast, Kaggle contributor #14 tracking social intelligence.",IN-KA
kg_0452,x,kaggle_analyst_28,New open weights model just dropped and it beats closed frontier models on standard coding benchmarks! #AIRevolution #OpenSource,en,2026-10-05T03:26:30.378457+00:00,84,16,13,#AIRevolution,"Data science enthusiast, Kaggle contributor #28 tracking social intelligence.",IN-DL
kg_0488,x,solar_ananya,"Breakthrough solid-state battery chemistry shows 95% retention after 1,000 thermal shock cycles. Game changer for EVs! #SustainableTech #CleanTech",hinglish,2026-10-05T03:31:51.935558+00:00,50,9,8,#SustainableTech,CleanTech consultant Delhi. Solar rooftop & decarbonization.,IN-DL
kg_0421,x,kaggle_analyst_35,Congratulations to venture funds on dumping their unlocked allocations right into retail liquidity. Classic. #CryptoRally #Sarcasm,en,2026-10-05T03:41:53.663600+00:00,98,23,23,#CryptoRally,"Data science enthusiast, Kaggle contributor #35 tracking social intelligence.",IN-DL
kg_0446,telegram,kaggle_analyst_6,Remember to manage leverage carefully. Excessive greed during rallies always triggers painful liquidation wicks. #CryptoRally #RiskManagement,en,2026-10-05T04:01:51.279603+00:00,64,9,15,#CryptoRally,"Data science enthusiast, Kaggle contributor #6 tracking social intelligence.",IN-MH
kg_0427,x,vikas_crypto_trader,Grid-scale solar installations just crossed 100GW milestone in Western India. Decentralized power is happening! #SustainableTech #SolarEnergy,hinglish,2026-10-05T04:34:58.135887+00:00,61,22,6,#SustainableTech,Crypto on-chain analyst Mumbai. Technical analysis & DeFi.,IN-MH
kg_0466,telegram,kaggle_analyst_32,"Breakthrough solid-state battery chemistry shows 95% retention after 1,000 thermal shock cycles. Game changer for EVs! #SustainableTech #CleanTech",en,2026-10-05T04:47:33.880856+00:00,118,30,28,#SustainableTech,"Data science enthusiast, Kaggle contributor #32 tracking social intelligence.",IN-MH
kg_0476,youtube,satoshi_believer,Oh brilliant! Another mandatory subscription tier so we can pay $30 a month to format tables. Pure innovation. #AIRevolution #Sarcasm,en,2026-10-05T04:54:19.358009+00:00,107,19,22,#AIRevolution,Bitcoin max & decentralized finance advocate. Zurich.,CH-ZH
kg_0457,x,green_future_now,Bhai har company apna GPT wrapper bana kar billion dollar funding maang rahi hai. Bubble alert! #AIRevolution #VCHype,hinglish,2026-10-05T04:55:54.150995+00:00,61,8,7,#AIRevolution,Renewable energy policy researcher based in Berlin.,DE-BE
kg_0445,x,green_future_now,Yeh naya multi-modal model dekh kar dimaag hil gaya! Code generation quality 10x improve ho gayi hai. #AIRevolution #Tech,hinglish,2026-10-05T05:17:52.371874+00:00,45,17,10,#AIRevolution,Renewable energy policy researcher based in Berlin.,DE-BE
kg_0447,reddit,quantum_leap_x,Decentralized lending protocols processed record volume without a single liquidation bad debt event. Impressive resilience! #CryptoRally #DeFi,en,2026-10-05T05:37:18.152486+00:00,6,2,0,#CryptoRally,Physics PhD & Quantum computing algorithms researcher.,US-CA
kg_0497,x,kaggle_analyst_6,Bhai crypto tax guidelines kab clarify honge? Anxiety ho rahi hai reporting karte waqt. #CryptoRally #CryptoTax,hinglish,2026-10-05T06:22:42.845093+00:00,120,17,28,#CryptoRally,"Data science enthusiast, Kaggle contributor #6 tracking social intelligence.",IN-MH
kg_0463,reddit,kaggle_analyst_13,Remember to manage leverage carefully. Excessive greed during rallies always triggers painful liquidation wicks. #CryptoRally #RiskManagement,en,2026-10-05T06:36:16.335555+00:00,28,3,3,#CryptoRally,"Data science enthusiast, Kaggle contributor #13 tracking social intelligence.",IN-MH
kg_0456,x,kaggle_analyst_22,Market green dekh ke dil khush ho gaya dosto! Bull run officially confirmed lag raha hai. #CryptoRally #CryptoIndia,hinglish,2026-10-05T07:21:10.025792+00:00,33,11,4,#CryptoRally,"Data science enthusiast, Kaggle contributor #22 tracking social intelligence.",DE-BE
kg_0423,reddit,kaggle_analyst_11,Bitcoin hash rate reached a new all-time high! On-chain liquidity depth is stronger than ever. #CryptoRally #Bitcoin,en,2026-10-05T07:26:31.163666+00:00,120,20,12,#CryptoRally,"Data science enthusiast, Kaggle contributor #11 tracking social intelligence.",IN-MH
kg_0469,telegram,kaggle_analyst_18,Masterclass in public relations: Blaming developers for your undocumented server-side breaking change. Bravo CloudCorp! #BrandCrisis #Sarcasm,en,2026-10-05T07:30:34.865839+00:00,119,27,12,#BrandCrisis,"Data science enthusiast, Kaggle contributor #18 tracking social intelligence.",IN-DL
kg_0437,reddit,cynical_coder,Open models ensure that researchers in developing countries can innovate without prohibitive cloud compute costs. #AIRevolution #DemocratizeAI,en,2026-10-05T07:33:13.902846+00:00,18,3,4,#AIRevolution,Software skeptic. Tired of VC buzzwords and SaaS price hikes.,US-WA
kg_0494,telegram,ev_battery_geek,Are we moving too fast with autonomous agent deployment? The alignment verification benchmarks are severely lagging. #AIRevolution #Safety,en,2026-10-05T07:49:41.260970+00:00,119,30,17,#AIRevolution,Solid state batteries & electric vehicle powertrain engineering.,DE-BE
kg_0462,x,kaggle_analyst_36,"Breakthrough solid-state battery chemistry shows 95% retention after 1,000 thermal shock cycles. Game changer for EVs! #SustainableTech #CleanTech",en,2026-10-05T08:19:14.639168+00:00,11,3,0,#SustainableTech,"Data science enthusiast, Kaggle contributor #36 tracking social intelligence.",DE-BE
kg_0482,youtube,kaggle_analyst_18,Deploying quantized models locally on MacBook with zero cloud latency. The developer experience is sublime. #AIRevolution #LocalAI,en,2026-10-05T08:36:10.126019+00:00,109,38,14,#AIRevolution,"Data science enthusiast, Kaggle contributor #18 tracking social intelligence.",IN-DL
kg_0480,youtube,kaggle_analyst_25,"Breakthrough solid-state battery chemistry shows 95% retention after 1,000 thermal shock cycles. Game changer for EVs! #SustainableTech #CleanTech",en,2026-10-05T08:44:17.390757+00:00,97,16,16,#SustainableTech,"Data science enthusiast, Kaggle contributor #25 tracking social intelligence.",US-CA
kg_0472,reddit,kaggle_analyst_35,"Breakthrough solid-state battery chemistry shows 95% retention after 1,000 thermal shock cycles. Game changer for EVs! #SustainableTech #CleanTech",en,2026-10-05T08:56:09.464128+00:00,30,10,6,#SustainableTech,"Data science enthusiast, Kaggle contributor #35 tracking social intelligence.",IN-DL
kg_0424,x,kaggle_analyst_8,Critical security patch reverted without notification. Enterprise customers deserve immediate transparency. #BrandCrisis #Security,en,2026-10-05T08:56:15.061104+00:00,119,39,27,#BrandCrisis,"Data science enthusiast, Kaggle contributor #8 tracking social intelligence.",IN-MH
kg_0441,telegram,kaggle_analyst_38,Are we moving too fast with autonomous agent deployment? The alignment verification benchmarks are severely lagging. #AIRevolution #Safety,en,2026-10-05T08:57:20.617076+00:00,80,16,19,#AIRevolution,"Data science enthusiast, Kaggle contributor #38 tracking social intelligence.",IN-MH
